Mon Jun 19 10:54:33 2017,684396_684396_Sig-1-60lb_p1-2.pdf
Mon Jun 19 10:58:27 2017,684396_684396_Sig-3-40lb_W1_p1-8.pdf
Mon Jun 19 14:47:35 2017,690900_690900_A - 3 different covers_FB 001_p1-6.pdf
Mon Jun 19 14:49:15 2017,690900_690900_2x8pp - Fabrics & Brand_p1-8.pdf
Mon Jun 19 20:29:26 2017,689528_689528_Cover_p1-4.pdf
Mon Jun 19 21:13:26 2017,689528_689528_Sig001_p1-16.pdf
Mon Jun 19 21:17:37 2017,689528_689528_Sig003_p1-16.pdf
Mon Jun 19 21:22:17 2017,689528_689528_Sig002_p1-16.pdf
Mon Jun 19 21:26:19 2017,689528_689528_Sig004_p1-16.pdf
Mon Jun 19 21:38:03 2017,689528_689528_Sig003_p1-16.pdf
Mon Jun 19 08:33:11 2017,689483_689483_Sg 1 16pg Eng_p1-8.pdf
Mon Jun 19 08:34:48 2017,689483_689483_Sg 1 16pg fren_p1-8.pdf
Mon Jun 19 09:50:02 2017,"691102_691102_Sig001,Sig002,Sig003,Sig004,Sig005_p1-40.pdf"
Tue Jun 20 08:05:23 2017,"691667_691667_Sig001,Sig002_p1-32.pdf"
Mon Jun 19 15:11:46 2017,691184_691184_Sg 3 16pg Cant_p1-8.pdf
Mon Jun 19 15:14:27 2017,691184_691184_Sg 5 16pg Cant_p1-8.pdf
Mon Jun 19 15:17:12 2017,691184_691184_Sg 4 16pg Cant_p1-8.pdf
Mon Jun 19 15:19:49 2017,691184_691184_Sg 6 16pg Cant_p1-8.pdf
Mon Jun 19 15:22:35 2017,691184_691184_Sg 7 16pg Cant_p1-8.pdf
Mon Jun 19 15:24:56 2017,691184_691184_Sg 8 16pg Cant_p1-8.pdf
Mon Jun 19 15:26:41 2017,691184_691184_Cvr Eng No Barcode_p1-4.pdf
Mon Jun 19 15:28:24 2017,691184_691184_Cvr Eng + Barcode_p1-4.pdf
Mon Jun 19 15:38:48 2017,691184_691184_Sg 1 16pg eng_p1-8.pdf
Mon Jun 19 15:41:49 2017,691184_691184_Sg 2 16pg eng_p1-8.pdf
Mon Jun 19 15:45:04 2017,691184_691184_Sg 3 16pg eng_p1-8.pdf
Mon Jun 19 15:47:44 2017,691184_691184_Sg 5 16pg eng_p1-8.pdf
Mon Jun 19 15:50:29 2017,691184_691184_Sg 4 16pg eng_p1-8.pdf
Mon Jun 19 15:53:05 2017,691184_691184_Sg 6 16pg eng_p1-8.pdf
Mon Jun 19 15:05:29 2017,691184_691184_Sg 1 16pg Cant_p1-8.pdf
Mon Jun 19 15:55:51 2017,691184_691184_Sg 7 16pg eng_p1-8.pdf
Mon Jun 19 15:58:11 2017,691184_691184_Sg 8 16pg eng_p1-8.pdf
Mon Jun 19 15:08:29 2017,691184_691184_Sg 2 16pg Cant_p1-8.pdf
Mon Jun 19 16:17:32 2017,691184_691184_Cover Cantonese_p1-4.pdf
Mon Jun 19 17:48:30 2017,691184_691184_Cover Cantonese_p1-4.pdf
Mon Jun 19 17:50:09 2017,691184_691184_Cvr Eng + Barcode_p1-4.pdf
Mon Jun 19 17:51:46 2017,691184_691184_Cvr Eng No Barcode_p1-4.pdf
Mon Jun 19 17:54:46 2017,691184_691184_Sg 2 16pg Cant_p1-8.pdf
Mon Jun 19 17:57:02 2017,691184_691184_Sg 8 16pg Cant_p1-8.pdf
Mon Jun 19 18:04:10 2017,691184_691184_Sg 8 16pg eng_p1-8.pdf
Mon Jun 19 18:45:23 2017,690740_690740_1up each of 8 + 2 blanks_Single-sided_p1-5.pdf
Mon Jun 19 19:14:38 2017,691468_691468_1up Box_Single-sided_p1.pdf
Wed May 31 16:15:00 2017,PEEKABOO-FAIRMONT-QEH_Pub2017-Ignite-201704-FrenchDoorCover_HR.pdf
Mon Jun 19 10:30:00 2017,687656_687656_Sig.1 4p.pdf
Mon Jun 19 10:43:15 2017,684396_684396_Sig-1-60lb.pdf
Mon Jun 19 10:43:50 2017,684396_684396_Sig-3-40lb_W1.pdf
Mon Jun 19 11:56:06 2017,691558_691558_3up same .pdf
Mon Jun 19 13:38:06 2017,691102_691102_Sig 3 16pg.pdf
Mon Jun 19 13:04:31 2017,691558_691558_3up same .pdf
Mon Jun 19 13:05:14 2017,691558_691558_3up same .pdf
Mon Jun 19 13:06:32 2017,691382_691382_Fm1-12up of 8 diff.pdf
Mon Jun 19 14:45:24 2017,690900_690900_A - 3 different covers_FB 001.pdf
Mon Jun 19 14:46:01 2017,690900_690900_1x8pp Non Brand_F.pdf
Mon Jun 19 14:45:56 2017,690900_690900_2x8pp - Fabrics & Brand.pdf
Mon Jun 19 15:00:40 2017,691184_691184_Sg 1 16pg Cant.pdf
Mon Jun 19 15:00:58 2017,691184_691184_Sg 2 16pg Cant.pdf
Mon Jun 19 15:01:34 2017,691184_691184_Sg 3 16pg Cant.pdf
Mon Jun 19 15:01:51 2017,691184_691184_Sg 4 16pg Cant.pdf
Mon Jun 19 15:02:09 2017,691184_691184_Sg 5 16pg Cant.pdf
Mon Jun 19 15:02:25 2017,691184_691184_Sg 6 16pg Cant.pdf
Mon Jun 19 15:03:00 2017,691184_691184_Sg 8 16pg Cant.pdf
Mon Jun 19 15:34:15 2017,691184_691184_Sg 1 16pg eng.pdf
Mon Jun 19 15:34:32 2017,691184_691184_Sg 2 16pg eng.pdf
Mon Jun 19 15:34:51 2017,691184_691184_Sg 3 16pg eng.pdf
Mon Jun 19 15:35:06 2017,691184_691184_Sg 4 16pg eng.pdf
Mon Jun 19 15:35:20 2017,691184_691184_Sg 5 16pg eng.pdf
Mon Jun 19 15:36:06 2017,691184_691184_Sg 7 16pg eng.pdf
Mon Jun 19 15:35:49 2017,691184_691184_Sg 6 16pg eng.pdf
Mon Jun 19 15:36:21 2017,691184_691184_Sg 8 16pg eng.pdf
Mon Jun 19 15:02:44 2017,691184_691184_Sg 7 16pg Cant.pdf
Mon Jun 19 16:46:15 2017,691221_691221_4up of 1 + 2up of 2 + 1up of 4.pdf
Mon Jun 19 16:07:06 2017,691618_691618_2frt +2bck_F.pdf
Mon Jun 19 17:31:31 2017,691184_691184_Sg 8 16pg Cant.pdf
Mon Jun 19 17:31:44 2017,691184_691184_Sg 8 16pg eng.pdf
Mon Jun 19 18:43:28 2017,690740_690740_1up each of 8 + 2 blanks_Single-sided.pdf
Mon Jun 19 19:11:23 2017,691468_691468_1up Box_Single-sided.pdf
Mon Jun 19 20:25:56 2017,689528_689528_Sig-1_W1.pdf
Mon Jun 19 20:25:56 2017,689528_689528_Sig-1_W2.pdf
Mon Jun 19 20:25:56 2017,689528_689528_Sig-2_W1.pdf
Mon Jun 19 20:25:57 2017,689528_689528_Sig-2_W2.pdf
Mon Jun 19 20:25:57 2017,689528_689528_Sig-3_W1.pdf
Mon Jun 19 20:25:57 2017,689528_689528_Sig-3_W2.pdf
Mon Jun 19 20:25:59 2017,689528_689528_Sig-4_W1.pdf
Mon Jun 19 20:25:59 2017,689528_689528_Sig-4_W2.pdf
Mon Jun 19 20:26:04 2017,689528_689528_Cover.pdf
Mon Jun 19 20:50:11 2017,689528_689528_Sig-1_W1.pdf
Mon Jun 19 20:50:14 2017,689528_689528_Sig-1_W2.pdf
Mon Jun 19 20:50:12 2017,689528_689528_Sig-2_W1.pdf
Mon Jun 19 20:50:14 2017,689528_689528_Sig-3_W2.pdf
Mon Jun 19 20:50:20 2017,689528_689528_Sig-2_W2.pdf
Mon Jun 19 20:50:16 2017,689528_689528_Sig-3_W1.pdf
Mon Jun 19 20:50:23 2017,689528_689528_Sig-4_W1.pdf
Mon Jun 19 20:50:26 2017,689528_689528_Sig-4_W2.pdf
Mon Jun 19 21:23:01 2017,689528_689528_Sig-3_W2.pdf
Mon Jun 19 21:32:34 2017,689528_689528_Sig-3_W2.pdf
Mon Jun 19 08:31:00 2017,689483_689483_Sg 1 16pg Eng.pdf
Mon Jun 19 08:31:30 2017,689483_689483_Sg 1 16pg fren.pdf
Mon Jun 19 08:35:04 2017,690583_690583_Eng 12pg text_F.pdf
Mon Jun 19 08:35:09 2017,690583_690583_Fre 12pg text_F.pdf
Mon Jun 19 08:34:59 2017,690583_690583_3up Eng + 1up Fre.pdf
Mon Jun 19 08:51:02 2017,691122_691122_2up of 2diff Release Forms.pdf
Mon Jun 19 08:56:07 2017,691122_691122_2up of 2diff Release Forms.pdf
Mon Jun 19 09:19:28 2017,691102_691102_Sig 1 16pg.pdf
Mon Jun 19 09:19:40 2017,691102_691102_Sig 2 16pg.pdf
Mon Jun 19 09:19:50 2017,691102_691102_Sig 3 16pg.pdf
Mon Jun 19 09:20:00 2017,691102_691102_Sig 4 16pg .pdf
Mon Jun 19 09:20:09 2017,691102_691102_Sig 5 16pg.pdf
Mon Jun 19 09:23:22 2017,687656_687656_Sig.1 4p.pdf
Tue Jun 20 07:44:58 2017,691667_691667_Sig-1.pdf
Tue Jun 20 07:45:08 2017,691667_691667_Sig-2.pdf
Mon Jun 19 15:00:23 2017,691184_691184_Cover Cantonese.pdf
Mon Jun 19 15:28:43 2017,691184_691184_Cvr Eng + Barcode.pdf
Mon Jun 19 15:29:08 2017,691184_691184_Cvr Eng No Barcode.pdf
Mon Jun 19 17:30:30 2017,691184_691184_Cvr Eng No Barcode.pdf
Mon Jun 19 17:31:17 2017,691184_691184_Cover Cantonese.pdf
Mon Jun 19 17:30:52 2017,691184_691184_Cvr Eng + Barcode.pdf
Mon Jun 19 10:26:06 2017,691382_691382_Fm1-12up of 8 diff_p1-16.pdf
Mon Jun 19 13:15:30 2017,691382_691382_Fm1-12up of 8 diff_p1-16.pdf
Mon Jun 19 13:22:13 2017,691382_691382_Fm1-12up of 8 diff_p1-16.pdf
Mon Jun 19 16:50:44 2017,691221_691221_4up of 1 + 2up of 2 + 1up of 4_p1-14.pdf
Mon Jun 19 18:48:04 2017,690740_690740_1up each of 8 + 2 blanks_Single-sided_p1-9.pdf
Tue Jun 20 09:11:12 2017,691594_691594_42up same.pdf
Tue Jun 20 09:59:42 2017,691594_691594_42up same_p1-2.pdf
Tue Jun 20 10:21:05 2017,690690_690690_Sig-1_p1-12.pdf
Tue Jun 20 10:19:24 2017,690690_690690_Sig-1.pdf
Tue Jun 20 11:10:22 2017,691318_691318_Sig.1 16pg.pdf
Tue Jun 20 11:10:31 2017,691318_691318_Sig.2 16pg.pdf
Tue Jun 20 11:10:41 2017,691318_691318_Sig.3 16pg.pdf
Tue Jun 20 11:12:21 2017,691318_691318_Sig.1 16pg_p1-8.pdf
Tue Jun 20 11:13:41 2017,691318_691318_Sig.2 16pg_p1-8.pdf
Tue Jun 20 11:15:06 2017,691318_691318_Sig.3 16pg_p1-8.pdf
Tue Jun 20 11:19:37 2017,"691318_691318_Sig001,Sig002,Sig003_p1-24.pdf"
Tue Jun 20 11:46:48 2017,688940_688940_Cover 4pg.pdf
Tue Jun 20 11:51:58 2017,688940_688940_Sig 2 24pg_p1-12.pdf
Tue Jun 20 11:48:45 2017,688940_688940_Cover 4pg_p1-2.pdf
Tue Jun 20 11:50:36 2017,688940_688940_Sig.1 24pg_p1-12.pdf
Tue Jun 20 11:47:14 2017,688940_688940_Sig.1 24pg.pdf
Tue Jun 20 11:47:25 2017,688940_688940_Sig 2 24pg.pdf
Tue Jun 20 11:47:48 2017,688940_688940_Sig 4 24pg.pdf
Tue Jun 20 11:48:01 2017,688940_688940_Sig 5 16pg.pdf
Tue Jun 20 11:47:35 2017,688940_688940_Sig 3 24pg.pdf
Tue Jun 20 11:48:13 2017,688940_688940_Sig.6 8pg.pdf
Tue Jun 20 11:52:28 2017,688940_688940_Sig 2 24pg_p1-12.pdf
Tue Jun 20 11:54:16 2017,688940_688940_Sig 3 24pg_p1-12.pdf
Tue Jun 20 11:56:22 2017,688940_688940_Sig 4 24pg_p1-12.pdf
Tue Jun 20 11:58:28 2017,688940_688940_Sig 5 16pg_p1-12.pdf
Tue Jun 20 11:59:13 2017,688940_688940_Sig.6 8pg_p1-4.pdf
Tue Jun 20 11:59:38 2017,691447_691447_4f + 4b same_F.pdf
Tue Jun 20 11:59:32 2017,691447_691447_4f + 4b same_Work-and-turn_p1-2.pdf
Tue Jun 20 12:07:03 2017,691680_691680_FB 001_p1-3.pdf
Tue Jun 20 12:05:32 2017,691680_691680_FB 001.pdf
Tue Jun 20 12:11:07 2017,691680_691680_FB 001_p1-2.pdf
Tue Jun 20 12:07:54 2017,691680_691680_FB 001_p1-2.pdf
Tue Jun 20 12:14:05 2017,691680_691680_FB 001_p1-2.pdf
Tue Jun 20 12:25:30 2017,687640_687640_Sig.4 32pg 50lb_W1.pdf
Tue Jun 20 13:09:30 2017,688940_688940_Sig 5 24pg.pdf
Tue Jun 20 14:32:26 2017,690800_690800_Green_p1-2.pdf
Tue Jun 20 14:35:42 2017,690800_690800_Green.pdf
Tue Jun 20 15:02:14 2017,691501_691501_Sg1-16pg-2up_p1-8.pdf
Tue Jun 20 15:02:55 2017,691501_691501_Sg2-16pg-2up_p1-8.pdf
Tue Jun 20 15:03:37 2017,691501_691501_Sg3-16pg-2up_p1-8.pdf
Tue Jun 20 15:04:19 2017,691501_691501_Sg4-16pg-2up_p1-8.pdf
Tue Jun 20 15:05:00 2017,691501_691501_Sg5-16pg-2up_p1-8.pdf
Tue Jun 20 15:06:57 2017,691501_691501_Sg4-16pg-2up.pdf
Tue Jun 20 15:07:01 2017,691501_691501_Sg5-16pg-2up.pdf
Tue Jun 20 15:06:43 2017,691501_691501_Sg1-16pg-2up.pdf
Tue Jun 20 15:06:48 2017,691501_691501_Sg2-16pg-2up.pdf
Tue Jun 20 15:06:53 2017,691501_691501_Sg3-16pg-2up.pdf
Tue Jun 20 15:13:34 2017,687100_687100_Cover.pdf
Tue Jun 20 15:13:50 2017,687100_687100_Sig-1.pdf
Tue Jun 20 15:14:39 2017,687100_687100_Sig-4.pdf
Tue Jun 20 15:14:54 2017,687100_687100_Sig-5.pdf
Tue Jun 20 15:15:10 2017,687100_687100_Cover.pdf
Tue Jun 20 15:15:26 2017,687100_687100_Sig-1.pdf
Tue Jun 20 15:16:00 2017,687100_687100_Sig-3.pdf
Tue Jun 20 15:15:44 2017,687100_687100_Sig-2.pdf
Tue Jun 20 15:16:18 2017,687100_687100_Sig-4.pdf
Tue Jun 20 15:16:35 2017,687100_687100_Sig-5.pdf
Tue Jun 20 15:22:05 2017,687100_687100_Sig-2_p1-8.pdf
Tue Jun 20 15:19:24 2017,687100_687100_Sig-1_p1-8.pdf
Tue Jun 20 15:26:58 2017,687100_687100_Sig-5_p1-8.pdf
Tue Jun 20 15:24:40 2017,687100_687100_Sig-3_p1-8.pdf
Tue Jun 20 15:25:35 2017,687100_687100_Sig-4_p1-2.pdf
Tue Jun 20 15:28:34 2017,691501_691501_Sg1-16pg-2up_p1-8.pdf
Tue Jun 20 15:29:16 2017,691501_691501_Sg2-16pg-2up_p1-8.pdf
Tue Jun 20 15:29:59 2017,691501_691501_Sg3-16pg-2up_p1-8.pdf
Tue Jun 20 15:30:41 2017,691501_691501_Sg4-16pg-2up_p1-8.pdf
Tue Jun 20 15:31:23 2017,691501_691501_Sg5-16pg-2up_p1-8.pdf
Tue Jun 20 15:27:52 2017,687100_687100_Sig-5_p1-8.pdf
Tue Jun 20 15:48:45 2017,687100_687100_Cover_p1-4.pdf
Tue Jun 20 15:50:14 2017,691502_691502_Sg1-16pg-2up.pdf
Tue Jun 20 15:50:18 2017,691502_691502_Sg2-16pg-2up.pdf
Tue Jun 20 15:50:22 2017,691502_691502_Sg3-16pg-2up.pdf
Tue Jun 20 15:50:26 2017,691502_691502_Sg4_8pg-4up same.pdf
Tue Jun 20 15:50:30 2017,691502_691502_Sg5-12pg-2up.pdf
Tue Jun 20 15:53:35 2017,691502_691502_Sg1-16pg-2up_p1-8.pdf
Tue Jun 20 15:54:16 2017,691502_691502_Sg2-16pg-2up_p1-8.pdf
Tue Jun 20 15:54:58 2017,691502_691502_Sg3-16pg-2up_p1-8.pdf
Tue Jun 20 15:55:19 2017,691502_691502_Sg4_8pg-4up same_p1-4.pdf
Tue Jun 20 15:55:52 2017,691502_691502_Sg5-12pg-2up_p1-6.pdf
Tue Jun 20 15:55:59 2017,691566_691566_Envelope_F.pdf
Tue Jun 20 15:55:54 2017,691566_691566_School Letter-4F+4B on (Bilingual Tumble)_F.pdf
Tue Jun 20 15:55:57 2017,691566_691566_School Prospect Letter-4F+4B on (Bilingual Tumble)_F.pdf
Tue Jun 20 15:56:10 2017,691566_691566_School Letter-4F+4B on (Bilingual Tumble)_Work-and-turn_p1-2.pdf
Tue Jun 20 15:56:27 2017,691566_691566_Envelope_Single-sided_p1.pdf
Tue Jun 20 15:56:22 2017,691566_691566_School Prospect Letter-4F+4B on (Bilingual Tumble)_Work-and-turn_p1-2.pdf
Tue Jun 20 16:02:04 2017,691502_691502_Sg1-16pg-2up_p1-8.pdf
Tue Jun 20 16:02:46 2017,691502_691502_Sg2-16pg-2up_p1-8.pdf
Tue Jun 20 16:03:28 2017,691502_691502_Sg3-16pg-2up_p1-8.pdf
Tue Jun 20 16:04:19 2017,691502_691502_Sg5-12pg-2up_p1-6.pdf
Tue Jun 20 16:03:48 2017,691502_691502_Sg4_8pg-4up same_p1-4.pdf
Tue Jun 20 16:07:37 2017,687100_687100_Cover_p1-4.pdf
Tue Jun 20 16:05:57 2017,687100_687100_Cover.pdf
Tue Jun 20 16:06:15 2017,687100_687100_Sig-1.pdf
Tue Jun 20 16:10:05 2017,687100_687100_Sig-1_p1-8.pdf
Tue Jun 20 16:10:11 2017,686603_686603-Exchange_00_p10.pdf
Tue Jun 20 16:44:11 2017,691682_691682_18f + 18b same_F.pdf
Tue Jun 20 16:44:27 2017,691682_691682_18f + 18b same_Work-and-turn_p1-2.pdf
Tue Jun 20 16:48:54 2017,686750_686750_Sig-1_p1-8.pdf
Tue Jun 20 16:51:27 2017,686750_686750_Sig-2_p1-16.pdf
Tue Jun 20 17:01:43 2017,691504_691504_Sg1+2-16pg ea._p1-16.pdf
Tue Jun 20 17:00:13 2017,691504_691504_Sg1+2-16pg ea..pdf
Tue Jun 20 17:00:17 2017,691504_691504_Sg3-8pg + Sg4-12pg + Sg5-16pg.pdf
Tue Jun 20 17:03:14 2017,691504_691504_Sg3-8pg + Sg4-12pg + Sg5-16pg_p1-18.pdf
Tue Jun 20 17:07:08 2017,691504_691504_Sg1+2-16pg ea._p1-16.pdf
Tue Jun 20 17:08:40 2017,691504_691504_Sg3-8pg + Sg4-12pg + Sg5-16pg_p1-18.pdf
Tue Jun 20 17:22:57 2017,691480_691480_Sg1-16pg_p1-8.pdf
Tue Jun 20 17:22:59 2017,691480_691480_Sg1-16pg_p1-8.pdf
Tue Jun 20 17:23:30 2017,691480_691480_Sg2-12pg_p1-6.pdf
Tue Jun 20 17:25:45 2017,"691480_691480_Sig001,Sig002_p1-14.pdf"
Tue Jun 20 17:23:34 2017,691480_691480_Sg1-16pg.pdf
Tue Jun 20 17:23:38 2017,691480_691480_Sg2-12pg.pdf
Tue Jun 20 17:42:26 2017,"691523_691523_Sig001,Sig002_p1-32.pdf"
Tue Jun 20 17:38:31 2017,691523_691523_Sg1+2-16pg ea..pdf
Tue Jun 20 17:38:35 2017,691523_691523_Sg3+4-16pg ea..pdf
Tue Jun 20 17:45:38 2017,"691523_691523_Sig001,Sig002_p1-32.pdf"
Tue Jun 20 17:56:08 2017,691567_691567_Sg1+3-16pg ea..pdf
Tue Jun 20 17:56:21 2017,691567_691567_Sg2-8pg.pdf
Tue Jun 20 17:58:17 2017,"691567_691567_Sig001,Sig002_p1-20.pdf"
Tue Jun 20 18:00:31 2017,"691567_691567_Sig001,Sig002_p1-20.pdf"
Tue Jun 20 18:21:41 2017,"691553_691553_Sig001,Sig002_p1-20.pdf"
Tue Jun 20 18:21:45 2017,691553_691553_Sg1+3-16pg ea..pdf
Tue Jun 20 18:22:15 2017,691553_691553_Sg1+3-16pg ea..pdf
Tue Jun 20 18:22:19 2017,691553_691553_Sg2-8pg.pdf
Tue Jun 20 18:24:11 2017,"691553_691553_Sig001,Sig002_p1-20.pdf"
Tue Jun 20 18:43:43 2017,688313_688313_Cover.pdf
Tue Jun 20 18:43:53 2017,688313_688313_Sig.1 16pg.pdf
Tue Jun 20 18:43:54 2017,688313_688313_Sig.2 16pg.pdf
Tue Jun 20 18:43:51 2017,688313_688313_Sig.3   8pg.pdf
Tue Jun 20 18:43:55 2017,688313_688313_Sig.6 16pg.pdf
Tue Jun 20 18:43:58 2017,"688313_688313_8p Insert pg90,91.pdf"
Tue Jun 20 18:43:57 2017,688313_688313_Sig.4 16pg.pdf
Tue Jun 20 18:43:59 2017,688313_688313_Sig.5 16pg.pdf
Tue Jun 20 18:44:01 2017,688313_688313_Sig.7 16pg.pdf
Tue Jun 20 18:44:04 2017,688313_688313_Sig.8 16pg.pdf
Tue Jun 20 18:57:14 2017,688313_688313_Cover_p1-4.pdf
Tue Jun 20 18:57:52 2017,"688313_688313_8p Insert pg90,91_p1-4.pdf"
Tue Jun 20 18:54:10 2017,688313_688313_Cover.pdf
Tue Jun 20 19:12:52 2017,688313_688313_Cover.pdf
Tue Jun 20 19:16:52 2017,688313_688313_Cover_p1-4.pdf
Tue Jun 20 19:18:12 2017,688313_688313_Sig.1 16pg_p1-8.pdf
Tue Jun 20 19:13:31 2017,"688313_688313_8p Insert pg90,91.pdf"
Tue Jun 20 19:23:21 2017,688313_688313_Sig.5 16pg_p1-8.pdf
Tue Jun 20 19:19:49 2017,688313_688313_Sig.2 16pg_p1-8.pdf
Tue Jun 20 19:21:00 2017,688313_688313_Sig.3   8pg_p1-4.pdf
Tue Jun 20 19:22:19 2017,688313_688313_Sig.4 16pg_p1-8.pdf
Tue Jun 20 19:23:52 2017,688313_688313_Sig.5 16pg_p1-8.pdf
Tue Jun 20 19:25:21 2017,688313_688313_Sig.6 16pg_p1-8.pdf
Tue Jun 20 19:26:35 2017,688313_688313_Sig.7 16pg_p1-8.pdf
Tue Jun 20 19:27:44 2017,688313_688313_Sig.8 16pg_p1-8.pdf
Tue Jun 20 19:55:18 2017,686750_686750_Sig-1.pdf
Tue Jun 20 19:55:36 2017,686750_686750_Sig-2.pdf
Tue Jun 20 20:26:11 2017,"688313_688313_8p Insert pg90,91_p1-4.pdf"
Wed Jun 21 08:12:21 2017,691672_691672_#10Env_FB 001_F.pdf
Wed Jun 21 08:12:26 2017,691672_691672_#10Env_FB 002_F.pdf
Wed Jun 21 08:12:28 2017,691672_691672_#10Env_FB 003_F.pdf
Wed Jun 21 08:12:54 2017,691672_691672_8up english + 1up french.pdf
Wed Jun 21 08:37:21 2017,691672_691672_8up english + 1up french.pdf
Wed Jun 21 08:37:33 2017,691672_691672_8up english + 1up french_F.pdf
Wed Jun 21 08:58:11 2017,691635_691635_Sig4 2up 12pg_p1-6.pdf
Wed Jun 21 08:56:57 2017,691635_691635_Sig1+2 16pg each_p1-16.pdf
Wed Jun 21 08:57:39 2017,691635_691635_Sig3 2up 16pg_p1-8.pdf
Wed Jun 21 08:55:13 2017,691635_691635_Sig1+2 16pg each.pdf
Wed Jun 21 08:55:17 2017,691635_691635_Sig3 2up 16pg.pdf
Wed Jun 21 08:55:21 2017,691635_691635_Sig4 2up 12pg.pdf
Wed Jun 21 09:07:24 2017,691547_691547_Sig1+2 16pg each_p1-16.pdf
Wed Jun 21 09:08:06 2017,691547_691547_Sig3 2up 16pg_p1-8.pdf
Wed Jun 21 09:05:40 2017,691547_691547_Sig1+2 16pg each.pdf
Wed Jun 21 09:05:44 2017,691547_691547_Sig3 2up 16pg.pdf
Wed Jun 21 09:05:47 2017,691547_691547_Sig4 12pg + Sig5 8pg.pdf
Wed Jun 21 09:09:00 2017,691547_691547_Sig4 12pg + Sig5 8pg_p1-10.pdf
Wed Jun 21 09:17:28 2017,691526_691526_Sig1+2 16pg each_p1-16.pdf
Wed Jun 21 09:15:54 2017,691526_691526_Sig1+2 16pg each.pdf
Wed Jun 21 09:15:58 2017,691526_691526_Sig3+4 16pg each.pdf
Wed Jun 21 09:16:02 2017,691526_691526_Sig5 16pg.pdf
Wed Jun 21 09:18:51 2017,691526_691526_Sig3+4 16pg each_p1-16.pdf
Wed Jun 21 09:19:32 2017,691526_691526_Sig5 16pg_p1-8.pdf
Wed Jun 21 09:19:37 2017,691670_691670_Eng-Sg1_4pg-8up same.pdf
Wed Jun 21 09:19:57 2017,691670_691670_Fre-Sg1_4pg-8up same.pdf
Wed Jun 21 09:20:23 2017,691500_691500_Sg1-16pg-2up.pdf
Wed Jun 21 09:20:27 2017,691500_691500_Sg2-16pg-2up.pdf
Wed Jun 21 09:20:31 2017,691500_691500_Sg3_8pg-4up same.pdf
Wed Jun 21 09:20:42 2017,691670_691670_Eng-Sg1_4pg-8up same.pdf
Wed Jun 21 09:20:46 2017,691670_691670_Fre-Sg1_4pg-8up same.pdf
Wed Jun 21 09:21:25 2017,691670_691670_Eng-Sg1_4pg-8up same.pdf
Wed Jun 21 09:20:38 2017,691500_691500_Sg4-12pg-2up.pdf
Wed Jun 21 09:21:55 2017,691670_691670_Fre-Sg1_4pg-8up same.pdf
Wed Jun 21 09:19:41 2017,691670_691670_Eng-Sg2_6pg roll-4up same.pdf
Wed Jun 21 09:19:45 2017,691670_691670_Eng-Sg3_12pg-2up same.pdf
Wed Jun 21 09:19:53 2017,691670_691670_Eng-Sg4_16pg-2up same.pdf
Wed Jun 21 09:20:05 2017,691670_691670_Fre-Sg2_6pg roll-4up same.pdf
Wed Jun 21 09:20:09 2017,691670_691670_Fre-Sg3_12pg-2up same.pdf
Wed Jun 21 09:20:18 2017,691670_691670_Fre-Sg4_16pg-2up same.pdf
Wed Jun 21 09:26:31 2017,691500_691500_Sg1-16pg-2up.pdf
Wed Jun 21 09:33:33 2017,691556_691556_Sig4 2up 12pg_p1-6.pdf
Wed Jun 21 09:30:45 2017,"691500_691500_Sig001,Sig002,Sig003,Sig004_p1-26.pdf"
Wed Jun 21 09:32:19 2017,691556_691556_Sig1+2 16pg each_p1-16.pdf
Wed Jun 21 09:33:01 2017,691556_691556_Sig3 2up 16pg_p1-8.pdf
Wed Jun 21 09:30:53 2017,691556_691556_Sig3 2up 16pg.pdf
Wed Jun 21 09:30:57 2017,691556_691556_Sig4 2up 12pg.pdf
Wed Jun 21 09:30:49 2017,691556_691556_Sig1+2 16pg each.pdf
Wed Jun 21 09:36:07 2017,"691500_691500_Sig001,Sig002,Sig003,Sig004_p1-26.pdf"
Wed Jun 21 09:38:23 2017,691673_691673_Fre-Sg1_4pg-8up same.pdf
Wed Jun 21 09:36:11 2017,691673_691673_Eng-Sg1_4pg-8up same.pdf
Wed Jun 21 09:36:35 2017,691673_691673_Fre-Sg1_4pg-8up same.pdf
Wed Jun 21 09:36:57 2017,691673_691673_Eng-Sg1_4pg-8up same.pdf
Wed Jun 21 09:37:38 2017,691673_691673_Eng-Sg1_4pg-8up same.pdf
Wed Jun 21 09:37:45 2017,691673_691673_Fre-Sg1_4pg-8up same.pdf
Wed Jun 21 09:36:16 2017,691673_691673_Eng-Sg2+3_4pg PULL OUT form-2up ea..pdf
Wed Jun 21 09:36:20 2017,691673_691673_Eng-Sg4_12pg-2up same.pdf
Wed Jun 21 09:36:28 2017,691673_691673_Eng-Sg5+6_16pg ea..pdf
Wed Jun 21 09:36:40 2017,691673_691673_Fre-Sg2+3_4pg PULL OUT form-2up ea..pdf
Wed Jun 21 09:36:46 2017,691673_691673_Fre-Sg4_12pg-2up same.pdf
Wed Jun 21 09:36:51 2017,691673_691673_Fre-Sg5+6_16pg ea..pdf
Wed Jun 21 09:43:01 2017,691639_691639_Sig1+2 16pg each_p1-16.pdf
Wed Jun 21 09:40:26 2017,691639_691639_Sig1+2 16pg each.pdf
Wed Jun 21 09:40:30 2017,691639_691639_Sig3+4 16pg each.pdf
Wed Jun 21 09:40:35 2017,691639_691639_Sig5 2up 16pg.pdf
Wed Jun 21 09:40:39 2017,691639_691639_Sig6 4up 8pg.pdf
Wed Jun 21 09:43:43 2017,691639_691639_Sig5 2up 16pg_p1-8.pdf
Wed Jun 21 09:45:06 2017,691639_691639_Sig3+4 16pg each_p1-16.pdf
Wed Jun 21 09:45:26 2017,691639_691639_Sig6 4up 8pg_p1-4.pdf
Wed Jun 21 09:45:30 2017,691564_691564_Sg1+2-16pg ea..pdf
Wed Jun 21 09:45:34 2017,691564_691564_Sg3-12pg.pdf
Wed Jun 21 09:52:48 2017,691564_691564_Sg1+2-16pg ea._p1-16.pdf
Wed Jun 21 09:55:12 2017,691639_691639_Sig1+2 16pg each_p1-16.pdf
Wed Jun 21 09:56:34 2017,691639_691639_Sig3+4 16pg each_p1-16.pdf
Wed Jun 21 09:57:17 2017,691639_691639_Sig5 2up 16pg_p1-8.pdf
Wed Jun 21 09:57:38 2017,691639_691639_Sig6 4up 8pg_p1-4.pdf
Wed Jun 21 10:02:31 2017,691639_691639_Sig1+2 16pg each_p1-16.pdf
Wed Jun 21 09:59:00 2017,691564_691564_Sg1+2-16pg ea._p1-16.pdf
Wed Jun 21 09:59:32 2017,691564_691564_Sg3-12pg_p1-6.pdf
Wed Jun 21 10:00:57 2017,691554_691554_card 4up same_F.pdf
Wed Jun 21 10:01:09 2017,691554_691554_1up env.pdf
Wed Jun 21 10:03:54 2017,691639_691639_Sig3+4 16pg each_p1-16.pdf
Wed Jun 21 10:04:37 2017,691639_691639_Sig5 2up 16pg_p1-8.pdf
Wed Jun 21 10:04:58 2017,691639_691639_Sig6 4up 8pg_p1-4.pdf
Wed Jun 21 10:05:03 2017,691554_691554_1up env_F.pdf
Wed Jun 21 10:05:01 2017,691554_691554_card 4up same_F.pdf
Wed Jun 21 10:05:35 2017,691554_691554_1up env_B.pdf
Wed Jun 21 10:05:31 2017,691554_691554_1up env_F.pdf
Wed Jun 21 10:05:25 2017,691554_691554_card 4up same_F.pdf
Wed Jun 21 10:05:56 2017,691554_691554_1up env_F.pdf
Wed Jun 21 10:06:16 2017,691554_691554_card 4up same_Single-sided_p1.pdf
Wed Jun 21 10:06:27 2017,691554_691554_1up env_p1-2.pdf
Wed Jun 21 10:10:21 2017,691564_691564_Sg3-12pg_p1-6.pdf
Wed Jun 21 10:09:49 2017,691564_691564_Sg1+2-16pg ea._p1-16.pdf
Wed Jun 21 11:27:08 2017,691694_691694_Sg1-16pg.pdf
Wed Jun 21 11:27:19 2017,691694_691694_Sg2-16pg.pdf
Wed Jun 21 11:27:28 2017,691694_691694_Sg3-16pg.pdf
Wed Jun 21 11:27:39 2017,691694_691694_Sg4-16pg.pdf
Wed Jun 21 11:27:49 2017,691694_691694_Sg5-16pg.pdf
Wed Jun 21 11:28:01 2017,691694_691694_Sg6-16pg.pdf
Wed Jun 21 11:28:06 2017,691694_691694_Sg7-4pg_F.pdf
Wed Jun 21 11:28:20 2017,691694_691694_Cover_F.pdf
Wed Jun 21 11:28:15 2017,691694_691694_Sg8-16pg.pdf
Wed Jun 21 11:33:46 2017,691694_691694_Sg1-16pg_p1-8.pdf
Wed Jun 21 11:39:23 2017,691694_691694_Sg3-16pg_p1-8.pdf
Wed Jun 21 11:34:59 2017,691694_691694_Sg1-16pg_p1-8.pdf
Wed Jun 21 11:37:27 2017,691694_691694_Sg2-16pg_p1-8.pdf
Wed Jun 21 11:44:16 2017,691694_691694_Sg6-16pg_p1-8.pdf
Wed Jun 21 11:41:12 2017,691694_691694_Sg4-16pg_p1-8.pdf
Wed Jun 21 11:42:40 2017,691694_691694_Sg5-16pg_p1-8.pdf
Wed Jun 21 11:44:38 2017,691694_691694_Sg7-4pg_Work-and-turn_p1-2.pdf
Wed Jun 21 11:46:14 2017,691694_691694_Sg8-16pg_p1-8.pdf
Wed Jun 21 11:47:38 2017,691694_691694_Cover_Work-and-turn_p1-4.pdf
Wed Jun 21 11:49:11 2017,691700_691700_Sg10-16pg.pdf
Wed Jun 21 11:48:02 2017,691700_691700_Sg2-16pg.pdf
Wed Jun 21 11:48:14 2017,691700_691700_Sg3-16pg.pdf
Wed Jun 21 11:48:23 2017,691700_691700_Sg4-16pg.pdf
Wed Jun 21 11:48:31 2017,691700_691700_Sg5-16pg.pdf
Wed Jun 21 11:47:50 2017,691700_691700_Sg1-16pg.pdf
Wed Jun 21 11:48:49 2017,691700_691700_Sg7-16pg.pdf
Wed Jun 21 11:48:58 2017,691700_691700_Sg8-16pg.pdf
Wed Jun 21 11:49:02 2017,691700_691700_Sg9-4pg_F.pdf
Wed Jun 21 11:48:39 2017,691700_691700_Sg6-16pg.pdf
Wed Jun 21 11:54:27 2017,691700_691700_Sg1-16pg_p1-8.pdf
Wed Jun 21 11:49:42 2017,691700_691700_Cover_F.pdf
Wed Jun 21 11:59:13 2017,691700_691700_Sg3-16pg_p1-8.pdf
Wed Jun 21 11:55:40 2017,691700_691700_Sg1-16pg_p1-8.pdf
Wed Jun 21 11:58:11 2017,691700_691700_Sg2-16pg_p1-8.pdf
Wed Jun 21 12:00:00 2017,691700_691700_Sg3-16pg_p1-8.pdf
Wed Jun 21 12:01:21 2017,691700_691700_Sg4-16pg_p1-8.pdf
Wed Jun 21 12:02:57 2017,691700_691700_Sg5-16pg_p1-8.pdf
Wed Jun 21 12:04:17 2017,691700_691700_Sg6-16pg_p1-8.pdf
Wed Jun 21 12:05:35 2017,691700_691700_Sg8-16pg_p1-8.pdf
Wed Jun 21 12:05:52 2017,691700_691700_Sg9-4pg_Work-and-turn_p1-2.pdf
Wed Jun 21 12:07:24 2017,691700_691700_Sg7-16pg_p1-8.pdf
Wed Jun 21 12:08:45 2017,691700_691700_Sg10-16pg_p1-8.pdf
Wed Jun 21 12:09:29 2017,691700_691700_Cover_Work-and-turn_p1-4.pdf
Wed Jun 21 12:10:03 2017,691700_691700_Cover_Work-and-turn_p1-4.pdf
Wed Jun 21 12:22:32 2017,Bindery-WIP_FP_July16-2014.pdf
Wed Jun 21 12:36:32 2017,691481_691481_2up same box_F.pdf
Wed Jun 21 12:37:24 2017,691481_691481_2up same box_F.pdf
Wed Jun 21 12:37:53 2017,691481_691481_2up same box_F.pdf
Wed Jun 21 13:13:31 2017,691702_691702_Sg1-16pg.pdf
Wed Jun 21 13:13:51 2017,691702_691702_Sg3-16pg.pdf
Wed Jun 21 13:13:41 2017,691702_691702_Sg2-16pg.pdf
Wed Jun 21 13:14:00 2017,691702_691702_Sg4-16pg.pdf
Wed Jun 21 13:14:08 2017,691702_691702_Sg5-16pg.pdf
Wed Jun 21 13:14:17 2017,691702_691702_Sg6-16pg.pdf
Wed Jun 21 13:14:22 2017,691702_691702_Sg7-4pg_F.pdf
Wed Jun 21 13:14:35 2017,691702_691702_Cover_F.pdf
Wed Jun 21 13:14:30 2017,691702_691702_Sg8-16pg.pdf
Wed Jun 21 13:19:47 2017,691702_691702_Sg3-16pg_p1-8.pdf
Wed Jun 21 13:16:39 2017,691702_691702_Sg1-16pg_p1-8.pdf
Wed Jun 21 13:18:45 2017,691702_691702_Sg2-16pg_p1-8.pdf
Wed Jun 21 13:25:09 2017,691702_691702_Sg7-4pg_Work-and-turn_p1-2.pdf
Wed Jun 21 13:20:18 2017,691702_691702_Sg3-16pg_p1-8.pdf
Wed Jun 21 13:21:56 2017,691702_691702_Sg4-16pg_p1-8.pdf
Wed Jun 21 13:23:15 2017,691702_691702_Sg5-16pg_p1-8.pdf
Wed Jun 21 13:24:47 2017,691702_691702_Sg6-16pg_p1-8.pdf
Wed Jun 21 13:26:35 2017,691702_691702_Sg8-16pg_p1-8.pdf
Wed Jun 21 13:27:52 2017,691702_691702_Cover_Work-and-turn_p1-4.pdf
Wed Jun 21 13:36:13 2017,691670_691670_Fre-Sg1_4pg-8up same_p1-2.pdf
Wed Jun 21 13:36:48 2017,691670_691670_Fre-Sg3_12pg-2up same_p1-6.pdf
Wed Jun 21 13:37:33 2017,691670_691670_Fre-Sg4_16pg-2up same_p1-8.pdf
Wed Jun 21 13:57:37 2017,691712_691712_Sg1-16pg_p1-8.pdf
Wed Jun 21 13:58:09 2017,691712_691712_Sg2-12pg_p1-6.pdf
Wed Jun 21 13:59:34 2017,691712_691712_Sg1-16pg_p1-8.pdf
Wed Jun 21 14:00:08 2017,691712_691712_Sg2-12pg_p1-6.pdf
Wed Jun 21 13:56:07 2017,691712_691712_Sg1-16pg.pdf
Wed Jun 21 13:56:11 2017,691712_691712_Sg2-12pg.pdf
Wed Jun 21 14:03:06 2017,691712_691712_Sg2-12pg_p1-6.pdf
Wed Jun 21 14:40:37 2017,691689_691689_Cover_F.pdf
Wed Jun 21 14:40:32 2017,691689_691689_Sg13-16pg.pdf
Wed Jun 21 14:38:59 2017,691689_691689_Sg2-16pg.pdf
Wed Jun 21 14:38:47 2017,691689_691689_Sg1-16pg.pdf
Wed Jun 21 14:39:08 2017,691689_691689_Sg3-16pg.pdf
Wed Jun 21 14:39:17 2017,691689_691689_Sg4-16pg.pdf
Wed Jun 21 14:39:26 2017,691689_691689_Sg5-16pg.pdf
Wed Jun 21 14:39:37 2017,691689_691689_Sg6-16pg.pdf
Wed Jun 21 14:39:45 2017,691689_691689_Sg7-16pg.pdf
Wed Jun 21 14:39:55 2017,691689_691689_Sg8-16pg.pdf
Wed Jun 21 14:40:03 2017,691689_691689_Sg9-16pg.pdf
Wed Jun 21 14:40:11 2017,691689_691689_Sg10-16pg.pdf
Wed Jun 21 14:40:16 2017,691689_691689_Sg11-8pg_F.pdf
Wed Jun 21 14:40:25 2017,691689_691689_Sg12-2pg_F.pdf
Wed Jun 21 14:45:37 2017,691689_691689_Sg3-16pg_p1-8.pdf
Wed Jun 21 14:42:42 2017,691689_691689_Sg1-16pg_p1-8.pdf
Wed Jun 21 14:44:38 2017,691689_691689_Sg2-16pg_p1-8.pdf
Wed Jun 21 14:50:58 2017,691689_691689_Sg6-16pg_p1-8.pdf
Wed Jun 21 14:46:09 2017,691689_691689_Sg3-16pg_p1-8.pdf
Wed Jun 21 14:47:49 2017,691689_691689_Sg4-16pg_p1-8.pdf
Wed Jun 21 14:49:08 2017,691689_691689_Sg5-16pg_p1-8.pdf
Wed Jun 21 14:52:21 2017,691689_691689_Sg7-16pg_p1-8.pdf
Wed Jun 21 14:53:56 2017,691689_691689_Sg8-16pg_p1-8.pdf
Wed Jun 21 14:55:26 2017,691689_691689_Sg9-16pg_p1-8.pdf
Wed Jun 21 14:56:57 2017,691689_691689_Sg10-16pg_p1-8.pdf
Wed Jun 21 14:58:09 2017,691689_691689_Sg12-2pg_Work-and-turn_p1.pdf
Wed Jun 21 14:57:50 2017,691689_691689_Sg11-8pg_Work-and-turn_p1-4.pdf
Wed Jun 21 14:59:11 2017,691689_691689_Sg13-16pg_p1-8.pdf
Wed Jun 21 15:00:35 2017,691689_691689_Cover_Work-and-turn_p1-4.pdf
Wed Jun 21 15:00:37 2017,691610_691610_FB 001_F.pdf
Wed Jun 21 15:00:42 2017,691610_691610_FB 001_Single-sided_p1.pdf
Wed Jun 21 15:20:01 2017,691221_691221_4up of 1 + 2up of 2 + 1up of 4.pdf
Wed Jun 21 15:18:45 2017,691689_691689_Sg12-2pg_Work-and-turn_p1-2.pdf
Wed Jun 21 15:25:27 2017,691539_691539_Sig.1 4pg_p1-2.pdf
Wed Jun 21 15:24:39 2017,691539_691539_Sig.2 16pg 2on.pdf
Wed Jun 21 15:24:22 2017,691539_691539_Sig.1 4pg.pdf
Wed Jun 21 15:24:26 2017,691710_691710_Sig1+2 16pg each.pdf
Wed Jun 21 15:24:32 2017,691539_691539_12pg pullout.pdf
Wed Jun 21 15:24:44 2017,691710_691710_Sig3 2up 16pg.pdf
Wed Jun 21 15:21:44 2017,691221_691221_4up of 1 + 2up of 2 + 1up of 4_p1-14.pdf
Wed Jun 21 15:26:54 2017,691710_691710_Sig1+2 16pg each_p1-16.pdf
Wed Jun 21 15:29:21 2017,691539_691539_Sig.2 16pg 2on_p1-8.pdf
Wed Jun 21 15:29:56 2017,691539_691539_12pg pullout_p1-6.pdf
Wed Jun 21 15:30:37 2017,691710_691710_Sig3 2up 16pg_p1-8.pdf
Wed Jun 21 15:36:15 2017,691710_691710_Sig1+2 16pg each_p1-16.pdf
Wed Jun 21 15:36:57 2017,691710_691710_Sig3 2up 16pg_p1-8.pdf
Wed Jun 21 15:44:51 2017,691539_691539_Sig.1 4pg_p1-2.pdf
Wed Jun 21 15:45:57 2017,691539_691539_Sig.2 16pg 2on_p1-8.pdf
Wed Jun 21 15:46:31 2017,691539_691539_12pg pullout_p1-6.pdf
Wed Jun 21 15:47:08 2017,Mica_English Letter_p1_French Letter_p1.pdf
Wed Jun 21 15:49:52 2017,Mica_English Letter_p1_French Letter_p1.pdf
Wed Jun 21 16:17:37 2017,691539_691539_Sig.1 4pg_p1-2.pdf
Wed Jun 21 16:18:42 2017,691539_691539_Sig.2 16pg 2on_p1-8.pdf
Wed Jun 21 16:19:16 2017,691539_691539_12pg pullout_p1-6.pdf
Wed Jun 21 16:25:51 2017,691539_691539_Sig.1 4pg_p1-2.pdf
Wed Jun 21 16:26:25 2017,691539_691539_12pg pullout_p1-6.pdf
Wed Jun 21 16:29:34 2017,691539_691539_Sig.2 16pg 2on_p1-8.pdf
Wed Jun 21 17:09:39 2017,690150_690150_Sig-1_p1-16.pdf
Wed Jun 21 17:07:40 2017,690150_690150_Sig-1.pdf
Wed Jun 21 17:37:06 2017,688438_688438_Sig-3-45lb_p1-8.pdf
Wed Jun 21 17:35:58 2017,688438_688438_Sig-2-45lb_p1-8.pdf
Wed Jun 21 17:34:06 2017,688438_688438_Sig-1-70lb.pdf
Wed Jun 21 17:34:15 2017,688438_688438_Sig-2-45lb.pdf
Wed Jun 21 17:34:27 2017,688438_688438_Sig-3-45lb.pdf
Wed Jun 21 17:34:38 2017,688438_688438_Sig-4-45lb.pdf
Wed Jun 21 17:34:46 2017,688438_688438_Sig-5-45lb.pdf
Wed Jun 21 17:37:42 2017,688438_688438_Sig-3-45lb_p1-8.pdf
Wed Jun 21 17:38:01 2017,688438_688438_Sig-1-70lb_p1-2.pdf
Wed Jun 21 17:39:14 2017,688438_688438_Sig-5-45lb_p1-8.pdf
Wed Jun 21 17:39:47 2017,688438_688438_Sig-4-45lb_p1-4.pdf
Wed Jun 21 17:57:11 2017,691677_682860_Eng-Sg1_4pg-8up same.pdf
Wed Jun 21 17:57:21 2017,691677_682860_Eng-Sg2_6pg roll-4up same.pdf
Wed Jun 21 17:57:44 2017,691677_682860_Fre-Sg1_4pg-8up same.pdf
Wed Jun 21 17:57:36 2017,691677_682860_Eng-Sg3+4_16pg ea..pdf
Wed Jun 21 17:57:57 2017,691677_682860_Fre-Sg2_6pg roll-4up same.pdf
Wed Jun 21 17:58:08 2017,691677_682860_Fre-Sg3+4_16pg ea..pdf
Wed Jun 21 18:16:03 2017,691672_691672_#10Env_FB 003_F.pdf
Wed Jun 21 18:16:09 2017,691672_691672_#10Env_FB 002_F.pdf
Wed Jun 21 18:20:22 2017,691672_691672_#10Env_FB 002_F.pdf
Wed Jun 21 18:22:49 2017,"691672_691672_Sig003,Sig004_p1-2.pdf"
Wed Jun 21 18:26:23 2017,691672_691672_#10Env_FB 002_Single-sided_p1.pdf
Wed Jun 21 18:25:56 2017,691672_691672_#10Env_FB 003_Single-sided_p1.pdf
Wed Jun 21 18:53:42 2017,687008_687008_Cover on CD_p1-2.pdf
Wed Jun 21 18:53:02 2017,687008_687008_Cover on CD.pdf
Wed Jun 21 19:00:45 2017,687008_687008_Cover on CD_p1-4.pdf
Wed Jun 21 19:05:08 2017,687008_687008_Cover on CD_p1-4.pdf
Wed Jun 21 22:34:00 2017,689607_689607_Sig-4_p1-4.pdf
Wed Jun 21 22:32:01 2017,689607_689607_Sig-1_p1-8.pdf
Wed Jun 21 22:32:50 2017,689607_689607_Sig-2_p1-8.pdf
Wed Jun 21 22:33:34 2017,689607_689607_Sig-3_p1-8.pdf
Wed Jun 21 22:30:18 2017,689607_689607_Sig-1.pdf
Wed Jun 21 22:30:24 2017,689607_689607_Sig-2.pdf
Wed Jun 21 22:30:28 2017,689607_689607_Sig-3.pdf
Wed Jun 21 22:30:34 2017,689607_689607_Sig-4.pdf
Wed Jun 21 22:30:38 2017,689607_689607_Sig-5.pdf
Wed Jun 21 22:30:47 2017,689607_689607_Cover.pdf
Wed Jun 21 22:31:15 2017,689607_689607_Cover_p1-2.pdf
Wed Jun 21 22:34:45 2017,689607_689607_Sig-5_p1-8.pdf
Wed Jun 21 23:05:19 2017,689607_689607_Cover_p1-2.pdf
Thu Jun 22 00:49:54 2017,691181_691181_Sg2-16pg.pdf
Thu Jun 22 00:49:41 2017,691181_691181_Sg1-4pg. Cover.pdf
Thu Jun 22 00:50:09 2017,691181_691181_Sg3-16pg.pdf
Thu Jun 22 00:50:19 2017,691181_691181_Sg4-16pg.pdf
Thu Jun 22 00:50:30 2017,691181_691181_Sg5-16pg.pdf
Thu Jun 22 00:50:46 2017,691181_691181_Sg6-16pg.pdf
Thu Jun 22 00:51:06 2017,691181_691181_Bind In.pdf
Thu Jun 22 00:50:58 2017,691181_691181_Sg7-16pg.pdf
Thu Jun 22 01:05:00 2017,691181_691181_Sg3-16pg_p1-8.pdf
Thu Jun 22 01:01:48 2017,691181_691181_Sg2-16pg_p1-8.pdf
Thu Jun 22 01:02:37 2017,691181_691181_Sg1-4pg. Cover_p1-2.pdf
Thu Jun 22 01:03:58 2017,691181_691181_Sg4-16pg_p1-8.pdf
Thu Jun 22 01:09:49 2017,691181_691181_Sg7-16pg_p1-8.pdf
Thu Jun 22 01:05:32 2017,691181_691181_Sg3-16pg_p1-8.pdf
Thu Jun 22 01:07:08 2017,691181_691181_Sg5-16pg_p1-8.pdf
Thu Jun 22 01:08:42 2017,691181_691181_Sg6-16pg_p1-8.pdf
Thu Jun 22 01:10:27 2017,691181_691181_Sg7-16pg_p1-8.pdf
Thu Jun 22 01:49:52 2017,691181_691181_Bind In_p1-2.pdf
Thu Jun 22 01:51:59 2017,691181_691181_Sg1-4pg. Cover_p1-2.pdf
Thu Jun 22 02:01:42 2017,691181_691181_Bind In_p1-2.pdf
Thu Jun 22 02:55:37 2017,687849_687849_Sig003_p1-16.pdf
Thu Jun 22 02:52:00 2017,687849_687849_Sig002_p1-16.pdf
Thu Jun 22 02:56:31 2017,687849_687849_Sig-1-80lb_p1-2.pdf
Thu Jun 22 08:33:19 2017,691538_691538_18up same.pdf
Thu Jun 22 08:46:38 2017,691672_691672_8up english + 1up french.pdf
Thu Jun 22 08:47:51 2017,691672_691672_8up english + 1up french.pdf
Thu Jun 22 08:54:10 2017,691672_691672_8up english + 1up french.pdf
Thu Jun 22 08:55:19 2017,691672_691672_8up english + 1up french.pdf
Thu Jun 22 08:55:24 2017,691672_691672_8up english + 1up french_F.pdf
Thu Jun 22 09:07:23 2017,691704_691704_Sg3-16pg.pdf
Thu Jun 22 09:07:32 2017,691704_691704_Sg4-16pg.pdf
Thu Jun 22 09:07:42 2017,691704_691704_Sg5-16pg.pdf
Thu Jun 22 09:07:02 2017,691704_691704_Sg1-16pg.pdf
Thu Jun 22 09:07:13 2017,691704_691704_Sg2-16pg.pdf
Thu Jun 22 09:12:25 2017,691704_691704_Sg2-16pg_p1-8.pdf
Thu Jun 22 09:10:24 2017,691704_691704_Sg1-16pg_p1-8.pdf
Thu Jun 22 09:07:50 2017,691704_691704_Sg6-16pg.pdf
Thu Jun 22 09:08:01 2017,691704_691704_Sg7-16pg.pdf
Thu Jun 22 09:08:09 2017,691704_691704_Sg8-16pg.pdf
Thu Jun 22 09:08:13 2017,691704_691704_Sg9-4pg_F.pdf
Thu Jun 22 09:08:27 2017,691704_691704_Cover_F.pdf
Thu Jun 22 09:08:22 2017,691704_691704_Sg10-16pg.pdf
Thu Jun 22 09:14:02 2017,691704_691704_Sg3-16pg_p1-8.pdf
Thu Jun 22 09:15:22 2017,691704_691704_Sg4-16pg_p1-8.pdf
Thu Jun 22 09:16:58 2017,691704_691704_Sg5-16pg_p1-8.pdf
Thu Jun 22 09:22:31 2017,691704_691704_Sg10-16pg_p1-8.pdf
Thu Jun 22 09:18:23 2017,691704_691704_Sg6-16pg_p1-8.pdf
Thu Jun 22 09:19:53 2017,691704_691704_Sg7-16pg_p1-8.pdf
Thu Jun 22 09:21:13 2017,691704_691704_Sg8-16pg_p1-8.pdf
Thu Jun 22 09:21:32 2017,691704_691704_Sg9-4pg_Work-and-turn_p1-2.pdf
Thu Jun 22 09:22:57 2017,691704_691704_Sg10-16pg_p1-8.pdf
Thu Jun 22 09:24:13 2017,691704_691704_Cover_Work-and-turn_p1-4.pdf
Thu Jun 22 09:25:23 2017,691226_691226_B Cover_Cover_p1-4.pdf
Thu Jun 22 09:24:22 2017,691226_691226_B Cover_Cover.pdf
Thu Jun 22 09:32:40 2017,691506_691506_Sig1+2 16pg each_p1-16.pdf
Thu Jun 22 09:30:43 2017,691506_691506_Sig1+2 16pg each.pdf
Thu Jun 22 09:30:51 2017,691506_691506_Sig5 16pg.pdf
Thu Jun 22 09:30:47 2017,691506_691506_Sig3+4 16pg each.pdf
Thu Jun 22 09:34:03 2017,691506_691506_Sig3+4 16pg each_p1-16.pdf
Thu Jun 22 09:34:47 2017,691506_691506_Sig5 16pg_p1-8.pdf
Thu Jun 22 09:40:50 2017,691226_691226_B Cover_Sig.1 16pg_p1-8.pdf
Thu Jun 22 09:42:27 2017,691226_691226_B Cover_Sig.2 16pg_p1-8.pdf
Thu Jun 22 09:38:19 2017,691226_691226_B Cover_Sig.1 16pg.pdf
Thu Jun 22 09:38:30 2017,691226_691226_B Cover_Sig.2 16pg.pdf
Thu Jun 22 09:38:46 2017,691226_691226_B Cover_Sig.3 16pg.pdf
Thu Jun 22 09:38:58 2017,691226_691226_B Cover_Sig.4 16pg.pdf
Thu Jun 22 09:39:10 2017,691226_691226_B Cover_Sig.5 16pg.pdf
Thu Jun 22 09:39:22 2017,691226_691226_B Cover_Sig.6 16pg.pdf
Thu Jun 22 09:44:05 2017,691226_691226_B Cover_Sig.3 16pg_p1-8.pdf
Thu Jun 22 09:45:43 2017,691226_691226_B Cover_Sig.4 16pg_p1-8.pdf
Thu Jun 22 09:47:17 2017,691226_691226_B Cover_Sig.5 16pg_p1-8.pdf
Thu Jun 22 09:48:50 2017,691226_691226_B Cover_Sig.6 16pg_p1-8.pdf
Thu Jun 22 10:13:13 2017,691648_691648_Sig1+2 16pg each_p1-16.pdf
Thu Jun 22 10:09:56 2017,691226_691226_A 96pg Text_Sig.5 16pg.pdf
Thu Jun 22 10:09:44 2017,691226_691226_A 96pg Text_Sig.4 16pg.pdf
Thu Jun 22 10:10:06 2017,691226_691226_A 96pg Text_Sig.6 16pg.pdf
Thu Jun 22 10:09:02 2017,691226_691226_A 96pg Text_Sig.1 16pg.pdf
Thu Jun 22 10:09:13 2017,691226_691226_A 96pg Text_Sig.2 16pg.pdf
Thu Jun 22 10:09:31 2017,691226_691226_A 96pg Text_Sig.3 16pg.pdf
Thu Jun 22 10:11:38 2017,691648_691648_Sig1+2 16pg each.pdf
Thu Jun 22 10:11:41 2017,691648_691648_Sig3+4 16pg each.pdf
Thu Jun 22 10:11:45 2017,691648_691648_Sig5 4up 8pg.pdf
Thu Jun 22 10:15:09 2017,691648_691648_Sig5 4up 8pg_p1-4.pdf
Thu Jun 22 10:14:45 2017,691648_691648_Sig3+4 16pg each_p1-16.pdf
Thu Jun 22 10:18:27 2017,691226_691226_A 96pg Text_Sig.2 16pg_p1-8.pdf
Thu Jun 22 10:13:56 2017,687849_687849_Sig-1-Regular 80lb-Regular.pdf
Thu Jun 22 10:14:16 2017,687849_687849_Sig-1-Alternate 80lb-Alternate.pdf
Thu Jun 22 10:16:41 2017,691226_691226_A 96pg Text_Sig.1 16pg_p1-8.pdf
Thu Jun 22 10:22:57 2017,691226_691226_A 96pg Text_Sig.4 16pg_p1-8.pdf
Thu Jun 22 10:20:29 2017,691226_691226_A 96pg Text_Sig.3 16pg_p1-8.pdf
Thu Jun 22 10:23:28 2017,691226_691226_A 96pg Text_Sig.4 16pg_p1-8.pdf
Thu Jun 22 10:22:44 2017,687849_687849-Regular.pdf
Thu Jun 22 10:18:42 2017,687849_687849_Sig-1-Regular 80lb-4Regular.pdf
Thu Jun 22 10:20:51 2017,687849_687849_Sig-1-Alternate 80lb-4Alternate.pdf
Thu Jun 22 10:25:04 2017,691226_691226_A 96pg Text_Sig.5 16pg_p1-8.pdf
Thu Jun 22 10:26:46 2017,691226_691226_A 96pg Text_Sig.6 16pg_p1-8.pdf
Thu Jun 22 10:25:15 2017,687849_687849_Sig-2-common 50lb_W1-Regular.pdf
Thu Jun 22 10:26:56 2017,687849_687849_Sig-2-common 50lb_W2-Regular.pdf
Thu Jun 22 10:27:07 2017,687849_687849_Sig-3-common 50lb_W1-Regular.pdf
Thu Jun 22 10:27:21 2017,687849_687849_Sig-3-common 50lb_W2-Regular.pdf
Thu Jun 22 10:32:58 2017,687849_687849-Regular_p1-16.pdf
Thu Jun 22 10:58:29 2017,691506_691506_Sig3+4 16pg each_p1-16.pdf
Thu Jun 22 10:57:05 2017,691506_691506_Sig1+2 16pg each_p1-16.pdf
Thu Jun 22 10:59:13 2017,691506_691506_Sig5 16pg_p1-8.pdf
Thu Jun 22 11:00:36 2017,691648_691648_Sig1+2 16pg each_p1-16.pdf
Thu Jun 22 11:01:59 2017,691648_691648_Sig3+4 16pg each_p1-16.pdf
Thu Jun 22 11:02:19 2017,691648_691648_Sig5 4up 8pg_p1-4.pdf
Thu Jun 22 11:03:41 2017,687849_687849_Sig-2-common 50lb_W1-Regular.pdf
Thu Jun 22 11:17:19 2017,690134_690134-16pg versions_Sig1-3 ENG-US Non Priority-Eng-US.pdf
Thu Jun 22 11:16:34 2017,690134_690134-16pg versions_Sig1-1 ENG-Personalize-Eng-AA_Personal.pdf
Thu Jun 22 11:16:58 2017,690134_690134-16pg versions_Sig1-2 ENG-INTL Airmail-Eng-INTL_Airmail.pdf
Thu Jun 22 11:17:12 2017,690134_690134-16pg versions_Sig1-4 FRE-Personalize-Fre-AA_Personal.pdf
Thu Jun 22 11:16:49 2017,690134_690134-16pg versions_Sig1-3 ENG-US Non Priority-Eng-US.pdf
Thu Jun 22 11:17:21 2017,690134_690134-32pg Bilingual_Sig1-5 Bilingual.pdf
Thu Jun 22 11:17:28 2017,690134_690134-32pg Bilingual_Sig2-5 Bilingual.pdf
Thu Jun 22 11:19:08 2017,690134_690134-16pg versions_Sig1-1 ENG-Personalize-Eng-AA_Personal.pdf
Thu Jun 22 11:19:07 2017,690134_690134-16pg versions_Sig1-2 ENG-INTL Airmail-Eng-INTL_Airmail.pdf
Thu Jun 22 11:19:23 2017,690134_690134-16pg versions_Sig1-4 FRE-Personalize-Fre-AA_Personal.pdf
Thu Jun 22 11:20:22 2017,690134_690134-32pg Bilingual.pdf
Thu Jun 22 11:59:08 2017,691337_691337_Sig.5 16pg.pdf
Thu Jun 22 11:59:18 2017,691337_691337_Sig.6 16pg.pdf
Thu Jun 22 11:58:12 2017,691337_691337_Sig.1 16pg.pdf
Thu Jun 22 11:58:25 2017,691337_691337_Sig.2 16pg.pdf
Thu Jun 22 11:58:40 2017,691337_691337_Sig.3 16pg.pdf
Thu Jun 22 11:58:55 2017,691337_691337_Sig.4 16pg.pdf
Thu Jun 22 12:03:54 2017,691337_691337_Sig.1 16pg_p1-8.pdf
Thu Jun 22 11:59:34 2017,691337_691337_Sig.7 16pg.pdf
Thu Jun 22 11:59:50 2017,691337_691337_Sig.8 16pg.pdf
Thu Jun 22 12:01:47 2017,691337_691337_Cover.pdf
Thu Jun 22 12:09:22 2017,691337_691337_Sig.4 16pg_p1-8.pdf
Thu Jun 22 12:05:52 2017,691337_691337_Sig.2 16pg_p1-8.pdf
Thu Jun 22 12:07:59 2017,691337_691337_Sig.3 16pg_p1-8.pdf
Thu Jun 22 12:14:26 2017,691337_691337_Sig.6 16pg_p1-8.pdf
Thu Jun 22 12:10:31 2017,691337_691337_Sig.4 16pg_p1-8.pdf
Thu Jun 22 12:12:39 2017,691337_691337_Sig.5 16pg_p1-8.pdf
Thu Jun 22 12:18:26 2017,691337_691337_Sig.8 16pg_p1-8.pdf
Thu Jun 22 12:16:54 2017,691337_691337_Sig.7 16pg_p1-8.pdf
Thu Jun 22 12:24:26 2017,689089_689089_Sig-1_p1-8.pdf
Thu Jun 22 12:19:33 2017,691337_691337_Sig.8 16pg_p1-8.pdf
Thu Jun 22 12:20:59 2017,691337_691337_Cover_p1-4.pdf
Thu Jun 22 12:23:02 2017,689089_689089_Sig-1.pdf
Thu Jun 22 12:39:18 2017,689087_689087_Sig-1_p1-8.pdf
Thu Jun 22 12:37:54 2017,689087_689087_Sig-1.pdf
Thu Jun 22 12:55:40 2017,691699_691699_Eng-Sg1_4pg-8up same.pdf
Thu Jun 22 12:57:14 2017,691699_691699_Eng-Sg1_4pg-8up same.pdf
Thu Jun 22 12:59:35 2017,691699_691699_Eng-Sg1_4pg-8up same.pdf
Thu Jun 22 12:55:54 2017,691699_691699_Eng-Sg5_16pg-2up same.pdf
Thu Jun 22 12:55:59 2017,691699_691699_Eng-Sg6_32pg.pdf
Thu Jun 22 12:55:44 2017,691699_691699_Eng-Sg2+3_4pg PULL OUT form-2up ea..pdf
Thu Jun 22 12:55:49 2017,691699_691699_Eng-Sg4_parallel 8pg-4up same.pdf
Thu Jun 22 13:03:53 2017,691337_691337_Sig.1 16pg_p1-8.pdf
Thu Jun 22 13:06:00 2017,691736_691736_12up same.pdf
Thu Jun 22 13:30:28 2017,691739_691739_1up poster.pdf
Thu Jun 22 14:28:47 2017,691733_691733_6up same .pdf
Thu Jun 22 15:06:03 2017,691728_691728_Sg1-16pg.pdf
Thu Jun 22 15:12:37 2017,691704_691704_Sg7-16pg.pdf
Thu Jun 22 15:56:36 2017,691391_691391_Sig6 16pg_p1-8.pdf
Thu Jun 22 15:29:46 2017,691728_691728_Sg1-16pg_p1-8.pdf
Thu Jun 22 15:47:50 2017,691391_691391_Sig1 16pg_p1-8.pdf
Thu Jun 22 15:49:53 2017,691391_691391_Sig2 16pg_p1-8.pdf
Thu Jun 22 15:52:32 2017,691391_691391_Sig4 16pg_p1-8.pdf
Thu Jun 22 15:55:07 2017,691391_691391_Sig5 16pg_p1-8.pdf
Thu Jun 22 15:45:22 2017,691391_691391_4up same Covers_p1-4.pdf
Thu Jun 22 15:57:48 2017,691391_691391_Sig6 16pg_p1-8.pdf
Thu Jun 22 15:59:51 2017,691391_691391_Sig3 16pg_p1-8.pdf
Thu Jun 22 16:02:01 2017,691391_691391_Sig5 16pg.pdf
Thu Jun 22 16:00:29 2017,691391_691391_4up same Covers.pdf
Thu Jun 22 16:00:55 2017,691391_691391_Sig1 16pg.pdf
Thu Jun 22 16:01:10 2017,691391_691391_Sig2 16pg.pdf
Thu Jun 22 16:01:26 2017,691391_691391_Sig3 16pg.pdf
Thu Jun 22 16:01:44 2017,691391_691391_Sig4 16pg.pdf
Thu Jun 22 16:00:18 2017,691391_691391_Bind-in 4frt + 4bck_Work-and-turn_p1-2.pdf
Thu Jun 22 16:03:15 2017,691391_691391_4up same Covers_p1-4.pdf
Thu Jun 22 16:02:20 2017,691391_691391_Bind-in 4frt + 4bck_F.pdf
Thu Jun 22 16:02:16 2017,691391_691391_Sig6 16pg.pdf
Thu Jun 22 16:13:27 2017,691391_691391_4up same Covers.pdf
Thu Jun 22 16:49:25 2017,685649_685649_Sig.1 16pg.pdf
Thu Jun 22 16:49:35 2017,685649_685649_Sig.2 4pg.pdf
Thu Jun 22 16:50:03 2017,685649_685649_Sig.4 16pg.pdf
Thu Jun 22 16:49:50 2017,685649_685649_Sig.3 16pg.pdf
Thu Jun 22 16:49:12 2017,685649_685649_Cover .15625 spine.pdf
Thu Jun 22 16:56:15 2017,685649_685649_Sig.1 16pg_p1-8.pdf
Thu Jun 22 16:56:39 2017,685649_685649_Sig.2 4pg_p1-2.pdf
Thu Jun 22 16:53:09 2017,685649_685649_Cover .15625 spine_p1-4.pdf
Thu Jun 22 16:58:50 2017,685649_685649_Sig.3 16pg_p1-8.pdf
Thu Jun 22 17:00:48 2017,685649_685649_Sig.4 16pg_p1-8.pdf
Thu Jun 22 17:07:01 2017,685649_685649_Sig.4 16pg_p1-8.pdf
Thu Jun 22 17:05:49 2017,685649_685649_Sig.4 16pg.pdf
Thu Jun 22 17:11:13 2017,689113_689113_Sig.1 16pg_p1-8.pdf
Thu Jun 22 17:07:48 2017,685649_685649_Sig.4 16pg_p1-8.pdf
Thu Jun 22 17:12:21 2017,691705_691705_Sg3-16pg.pdf
Thu Jun 22 17:12:29 2017,691705_691705_Sg4-16pg.pdf
Thu Jun 22 17:12:38 2017,691705_691705_Sg5-16pg.pdf
Thu Jun 22 17:09:51 2017,689113_689113_Sig.1 16pg.pdf
Thu Jun 22 17:12:01 2017,691705_691705_Sg1-16pg.pdf
Thu Jun 22 17:12:12 2017,691705_691705_Sg2-16pg.pdf
Thu Jun 22 17:12:57 2017,691705_691705_Sg7-16pg.pdf
Thu Jun 22 17:13:09 2017,691705_691705_Sg10-2pg_F.pdf
Thu Jun 22 17:13:04 2017,691705_691705_Sg8-16pg.pdf
Thu Jun 22 17:13:13 2017,691705_691705_Sg9-8pg_F.pdf
Thu Jun 22 17:13:25 2017,691705_691705_Cover_F.pdf
Thu Jun 22 17:12:45 2017,691705_691705_Sg6-16pg.pdf
Thu Jun 22 17:13:20 2017,691705_691705_Sg11-16pg.pdf
Thu Jun 22 17:27:40 2017,691744_691744_4f + 4b same_F.pdf
Thu Jun 22 17:30:54 2017,689055_689055_Sig.1 16pg_p1-8.pdf
Thu Jun 22 17:32:13 2017,689055_689055_sig.2 16pg_p1-8.pdf
Thu Jun 22 17:27:47 2017,691744_691744_4f + 4b same_Work-and-turn_p1.pdf
Thu Jun 22 17:29:17 2017,689055_689055_Sig.1 16pg.pdf
Thu Jun 22 17:29:32 2017,689055_689055_sig.2 16pg.pdf
Thu Jun 22 18:02:21 2017,691705_691705_Sg2-16pg_p1-8.pdf
Thu Jun 22 18:01:09 2017,691705_691705_Sg1-16pg_p1-8.pdf
Thu Jun 22 17:59:05 2017,691705_691705_Cover_Work-and-turn_p1-4.pdf
Thu Jun 22 18:07:31 2017,691705_691705_Sg5-16pg_p1-8.pdf
Thu Jun 22 18:03:03 2017,691705_691705_Sg2-16pg_p1-8.pdf
Thu Jun 22 18:04:45 2017,691705_691705_Sg3-16pg_p1-8.pdf
Thu Jun 22 18:06:19 2017,691705_691705_Sg4-16pg_p1-8.pdf
Thu Jun 22 18:11:06 2017,691705_691705_Sg7-16pg_p1-8.pdf
Thu Jun 22 18:12:39 2017,691705_691705_Sg8-16pg_p1-8.pdf
Thu Jun 22 18:08:11 2017,691705_691705_Sg5-16pg_p1-8.pdf
Thu Jun 22 18:09:27 2017,691705_691705_Sg6-16pg_p1-8.pdf
Thu Jun 22 18:18:00 2017,689083_689083_Sig.1 16pg_p1-8.pdf
Thu Jun 22 18:13:32 2017,691705_691705_Sg9-8pg_Work-and-turn_p1-4.pdf
Thu Jun 22 18:13:43 2017,691705_691705_Sg10-2pg_Work-and-turn_p1.pdf
Thu Jun 22 18:14:57 2017,691705_691705_Sg11-16pg_p1-8.pdf
Thu Jun 22 18:15:07 2017,689083_689083_Cover.pdf
Thu Jun 22 18:15:20 2017,689083_689083_Sig.1 16pg.pdf
Thu Jun 22 18:15:42 2017,689083_689083_Sig.2 16pg.pdf
Thu Jun 22 18:16:01 2017,689083_689083_Sig.3 16pg.pdf
Thu Jun 22 18:16:14 2017,689083_689083_Sig.4 16pg.pdf
Thu Jun 22 18:16:26 2017,689083_689083_Cover.pdf
Thu Jun 22 18:19:28 2017,689083_689083_Sig.3 16pg_p1-8.pdf
Thu Jun 22 18:21:05 2017,689083_689083_Sig.2 16pg_p1-8.pdf
Thu Jun 22 18:22:26 2017,689083_689083_Sig.4 16pg_p1-8.pdf
Thu Jun 22 18:22:50 2017,689083_689083_Cover_p1-2.pdf
Thu Jun 22 18:24:17 2017,690714_690714_Cover_p1-4.pdf
Thu Jun 22 18:24:25 2017,691705_691705-txt_00_p137-138.pdf
Thu Jun 22 18:45:09 2017,691727_691727_Sg1_12pg + Sg2_8pg_p1-10.pdf
Thu Jun 22 18:44:09 2017,691727_691727_Sg1_12pg + Sg2_8pg.pdf
Thu Jun 22 18:53:21 2017,689091_689091_Sig-1_p1-12.pdf
Thu Jun 22 18:51:13 2017,689091_689091_Sig-1.pdf
Thu Jun 22 19:06:04 2017,689079_689079_Sig.1 16pg _p1-8.pdf
Thu Jun 22 19:07:35 2017,689079_689079_Sig.2 16pg_p1-8.pdf
Thu Jun 22 19:04:04 2017,689079_689079_Sig.2 16pg.pdf
Thu Jun 22 19:04:28 2017,689079_689079_Sig.3 16pg.pdf
Thu Jun 22 19:03:49 2017,689079_689079_Sig.1 16pg .pdf
Thu Jun 22 19:09:00 2017,689079_689079_Sig.3 16pg_p1-8.pdf
Thu Jun 22 22:04:23 2017,691238_691238_Sig-2-Labour&Birth_p1-8.pdf
Thu Jun 22 22:02:15 2017,691238_691238_Sig-1-Labour&Birth_p1-8.pdf
Thu Jun 22 22:03:21 2017,691238_691238_Sig-2-Naissance_p1-8.pdf
Thu Jun 22 22:00:19 2017,691238_691238_Sig-1-Labour&Birth.pdf
Thu Jun 22 22:00:28 2017,691238_691238_Sig-2-Labour&Birth.pdf
Thu Jun 22 22:00:38 2017,691238_691238_Sig-1-Naissance.pdf
Thu Jun 22 22:00:47 2017,691238_691238_Sig-2-Naissance.pdf
Thu Jun 22 22:05:31 2017,691238_691238_Sig-1-Naissance_p1-8.pdf
Thu Jun 22 22:47:21 2017,687008_687008_Sig-1_W1.pdf
Thu Jun 22 22:47:31 2017,687008_687008_Sig-1_W2.pdf
Thu Jun 22 22:47:54 2017,687008_687008_Sig-2_W2.pdf
Thu Jun 22 22:48:07 2017,687008_687008_Sig-3_W1.pdf
Thu Jun 22 22:48:21 2017,687008_687008_Sig-3_W2.pdf
Thu Jun 22 22:47:41 2017,687008_687008_Sig-2_W1.pdf
Thu Jun 22 22:48:57 2017,687008_687008_Sig-5_W1.pdf
Thu Jun 22 22:48:38 2017,687008_687008_Sig-4_W1.pdf
Thu Jun 22 22:49:07 2017,687008_687008_Sig-5_W2.pdf
Thu Jun 22 22:48:50 2017,687008_687008_Sig-4_W2.pdf
Thu Jun 22 22:47:12 2017,687008_687008_Sig001_p1-16.pdf
Thu Jun 22 22:56:53 2017,687008_687008_Sig002_p1-16.pdf
Thu Jun 22 23:29:53 2017,687008_687008_Sig003_p1-16.pdf
Thu Jun 22 23:32:07 2017,687008_687008_Sig004_p1-16.pdf
Thu Jun 22 23:34:12 2017,687008_687008_Sig005_p1-16.pdf
Fri Jun 23 09:58:33 2017,691705_691705-R1_Sg1-16pg.pdf
Fri Jun 23 10:31:56 2017,691671_691671_Sg2_16pg (on 60lb stock)_p1-8.pdf
Fri Jun 23 10:29:56 2017,691671_691671_Cover-2F+2B on same (on 100lb stock)_Work-and-turn_p1-2.pdf
Fri Jun 23 10:31:05 2017,691671_691671_Sg1_16pg (on 60lb stock)_p1-8.pdf
Fri Jun 23 10:29:08 2017,691671_691671_Cover-2F+2B on same (on 100lb stock)_F.pdf
Fri Jun 23 10:29:15 2017,691671_691671_Sg1_16pg (on 60lb stock).pdf
Fri Jun 23 10:29:22 2017,691671_691671_Sg2_16pg (on 60lb stock).pdf
Fri Jun 23 10:32:06 2017,691671_691671_Sg2_16pg (on 60lb stock)_p1-8.pdf
Fri Jun 23 11:14:51 2017,691755_691755_1up cover.pdf
Fri Jun 23 11:15:00 2017,691755_691755_Sig 5+6 4pg each.pdf
Fri Jun 23 11:14:56 2017,691755_691755_Sigs 1+2+3+4 4pg each.pdf
Fri Jun 23 11:18:41 2017,691755_691755_1up cover_p1-2.pdf
Fri Jun 23 11:19:35 2017,691755_691755_Sigs 1+2+3+4 4pg each_p1-8.pdf
Fri Jun 23 11:20:01 2017,691755_691755_Sig 5+6 4pg each_p1-4.pdf
Fri Jun 23 11:31:10 2017,691755_691755_1up cover.pdf
Fri Jun 23 11:31:20 2017,691755_691755_Sig 5+6 4pg each.pdf
Fri Jun 23 11:31:15 2017,691755_691755_Sigs 1+2+3+4 4pg each.pdf
Fri Jun 23 11:38:20 2017,690871_690871_Fm1-3up ON + 1up AB.pdf
Fri Jun 23 11:38:25 2017,690871_690871_Fm2-3up SK + 1up BC.pdf
Fri Jun 23 11:38:30 2017,690871_690871_Fm3-2up QC + 1up MB.pdf
Fri Jun 23 11:38:35 2017,690871_690871_Fm4-3up NFLD + 1up NS.pdf
Fri Jun 23 11:38:40 2017,690871_690871_Fm5-3up NB + 1up PEI.pdf
Fri Jun 23 11:38:45 2017,690871_690871_Fm6-2up ea. YUKON + NWT + 1up NUNAVUT.pdf
Fri Jun 23 11:46:40 2017,691758_691758_Cover-4up same_Single-sided.pdf
Fri Jun 23 11:47:17 2017,691758_691758_Cover-4up same_F.pdf
Fri Jun 23 11:50:10 2017,691758_691758_Cover-4up same_Single-sided_p1-3.pdf
Fri Jun 23 11:47:31 2017,691758_691758_Sg1_16pg.pdf
Fri Jun 23 11:47:35 2017,691758_691758_Sg2_16pg.pdf
Fri Jun 23 11:47:39 2017,691758_691758_Sg3_16pg.pdf
Fri Jun 23 11:47:47 2017,691758_691758_Sg5_16pg.pdf
Fri Jun 23 11:47:51 2017,691758_691758_Sg6_16pg.pdf
Fri Jun 23 11:47:43 2017,691758_691758_Sg4_16pg.pdf
Fri Jun 23 11:47:56 2017,691758_691758_Sg7_16pg.pdf
Fri Jun 23 11:48:04 2017,691758_691758_Sg8_16pg.pdf
Fri Jun 23 11:48:11 2017,691758_691758_Sg9_16pg.pdf
Fri Jun 23 11:48:15 2017,691758_691758_Sg10_16pg.pdf
Fri Jun 23 11:48:20 2017,691758_691758_Sg11_16pg.pdf
Fri Jun 23 11:48:25 2017,691758_691758_Sg12_16pg.pdf
Fri Jun 23 11:48:30 2017,691758_691758_Sg13_16pg.pdf
Fri Jun 23 11:48:34 2017,691758_691758_Sg14_16pg.pdf
Fri Jun 23 11:48:40 2017,691758_691758_Sg15_16pg.pdf
Fri Jun 23 11:48:46 2017,691758_691758_Sg16_16pg.pdf
Fri Jun 23 11:48:50 2017,691758_691758_Sg17_16pg.pdf
Fri Jun 23 11:48:54 2017,691758_691758_Sg18_16pg.pdf
Fri Jun 23 11:48:59 2017,691758_691758_Sg19_16pg.pdf
Fri Jun 23 11:49:07 2017,691758_691758_Sg20_16pg.pdf
Fri Jun 23 11:49:11 2017,691758_691758_Sg21_12pg.pdf
Fri Jun 23 11:49:15 2017,691758_691758_Sg22_16pg.pdf
Fri Jun 23 11:58:02 2017,691758_691758_Sg1_16pg_p1-8.pdf
Fri Jun 23 11:58:57 2017,691758_691758_Sg2_16pg_p1-8.pdf
Fri Jun 23 11:59:52 2017,691758_691758_Sg3_16pg_p1-8.pdf
Fri Jun 23 12:00:47 2017,691758_691758_Sg4_16pg_p1-8.pdf
Fri Jun 23 12:01:41 2017,691758_691758_Sg5_16pg_p1-8.pdf
Fri Jun 23 12:07:25 2017,691758_691758_Sg11_16pg_p1-8.pdf
Fri Jun 23 12:02:37 2017,691758_691758_Sg6_16pg_p1-8.pdf
Fri Jun 23 12:03:36 2017,691758_691758_Sg7_16pg_p1-8.pdf
Fri Jun 23 12:04:32 2017,691758_691758_Sg8_16pg_p1-8.pdf
Fri Jun 23 12:05:29 2017,691758_691758_Sg9_16pg_p1-8.pdf
Fri Jun 23 12:06:27 2017,691758_691758_Sg10_16pg_p1-8.pdf
Fri Jun 23 12:10:17 2017,691758_691758_Sg14_16pg_p1-8.pdf
Fri Jun 23 12:11:14 2017,691758_691758_Sg15_16pg_p1-8.pdf
Fri Jun 23 12:12:14 2017,691758_691758_Sg16_16pg_p1-8.pdf
Fri Jun 23 12:08:22 2017,691758_691758_Sg12_16pg_p1-8.pdf
Fri Jun 23 12:09:20 2017,691758_691758_Sg13_16pg_p1-8.pdf
Fri Jun 23 12:13:01 2017,690583_690583_3up Eng + 1up Fre_Front_Spot Gloss UV.pdf
Fri Jun 23 12:15:42 2017,690583_690583_3up Eng + 1up Fre_Front_Spot Gloss UV.pdf
Fri Jun 23 12:17:33 2017,691758_691758_Sg22_16pg_p1-8.pdf
Fri Jun 23 12:13:13 2017,691758_691758_Sg17_16pg_p1-8.pdf
Fri Jun 23 12:14:07 2017,691758_691758_Sg18_16pg_p1-8.pdf
Fri Jun 23 12:15:01 2017,691758_691758_Sg19_16pg_p1-8.pdf
Fri Jun 23 12:15:57 2017,691758_691758_Sg20_16pg_p1-8.pdf
Fri Jun 23 12:16:39 2017,691758_691758_Sg21_12pg_p1-6.pdf
Fri Jun 23 12:18:20 2017,690583_690583_3up Eng + 1up Fre_p1-4.pdf
Fri Jun 23 12:20:36 2017,690583_690583_3up Eng + 1up Fre_p1-4.pdf
Fri Jun 23 12:17:39 2017,691758_691758_Sg22_16pg_p1-8.pdf
Fri Jun 23 12:19:40 2017,690714_690714_Cover_p1-4.pdf
Fri Jun 23 12:19:51 2017,690714_690714_Cover.pdf
Fri Jun 23 12:30:36 2017,687660_687660_Cover_p1-4.pdf
Fri Jun 23 12:29:19 2017,687660_687660_Cover.pdf
Fri Jun 23 12:36:21 2017,687660_687660_Sig-1.pdf
Fri Jun 23 12:36:35 2017,687660_687660_Sig-2.pdf
Fri Jun 23 12:36:50 2017,687660_687660_Sig-3.pdf
Fri Jun 23 12:37:04 2017,687660_687660_Sig-4.pdf
Fri Jun 23 12:37:16 2017,687660_687660_Sig-5.pdf
Fri Jun 23 12:45:00 2017,687660_687660_Sig-1_p1-8.pdf
Fri Jun 23 12:52:10 2017,687660_687660_Sig-2_p1-8.pdf
Fri Jun 23 12:54:41 2017,687660_687660_Sig-3_p1-8.pdf
Fri Jun 23 12:57:20 2017,687660_687660_Sig-4_p1-8.pdf
Fri Jun 23 12:59:32 2017,687660_687660_Sig-5_p1-8.pdf
Fri Jun 23 13:16:26 2017,691762_691762_2up Same covers.pdf
Fri Jun 23 13:17:51 2017,691762_691762_1-12pg.pdf
Fri Jun 23 13:17:55 2017,691762_691762_8up same Info Sheet.pdf
Fri Jun 23 13:16:50 2017,691762_691762_1-16pg.pdf
Fri Jun 23 13:22:54 2017,689133_689133_Sig.3 32pg.pdf
Fri Jun 23 13:22:05 2017,691762_691762_2up Same covers.pdf
Fri Jun 23 13:22:26 2017,689133_689133_Sig.1 4pg_F.pdf
Fri Jun 23 13:22:40 2017,689133_689133_Sig.2 32pg.pdf
Fri Jun 23 13:22:19 2017,691762_691762_1-16pg.pdf
Fri Jun 23 13:23:25 2017,689133_689133_Sig.1 4pg_Work-and-turn_p1-2.pdf
Fri Jun 23 13:26:10 2017,689133_689133_Sig.2 32pg_p1-16.pdf
Fri Jun 23 13:28:50 2017,689133_689133_Sig.3 32pg_p1-16.pdf
Fri Jun 23 13:31:32 2017,691762_691762_1-16pg_p1-8.pdf
Fri Jun 23 13:32:41 2017,691762_691762_1-12pg_p1-6.pdf
Fri Jun 23 13:29:55 2017,691762_691762_2up Same covers_p1-4.pdf
Fri Jun 23 13:53:04 2017,689133_689133_Sig.1 4pg_Work-and-turn_p1-2.pdf
Fri Jun 23 14:34:41 2017,691630_691630_2up same Box_F.pdf
Fri Jun 23 14:58:30 2017,690150_690150_Sig-1_p1-16.pdf
Fri Jun 23 14:58:45 2017,690150_690150_Sig-1_p1-16.pdf
Fri Jun 23 15:00:01 2017,691417_691417_Covers 5 english 3 french on.pdf
Fri Jun 23 15:10:05 2017,691417_691417_Eng-Sg1_32pg.pdf
Fri Jun 23 15:17:52 2017,691738_691738_18up ea. 2 diff Cards.pdf
Fri Jun 23 15:16:07 2017,691417_691417_Eng-Sg1_32pg.pdf
Fri Jun 23 15:16:27 2017,691417_691417_Eng-Sg1_32pg.pdf
Fri Jun 23 15:18:07 2017,691417_691417_Eng-Sg2_32pg.pdf
Fri Jun 23 15:18:52 2017,691738_691738_18up ea. 2 diff Cards_p1-4.pdf
Fri Jun 23 15:20:15 2017,691738_691738_18up ea. 2 diff Cards.pdf
Fri Jun 23 15:19:13 2017,691417_691417_Eng-Sg2_32pg.pdf
Fri Jun 23 15:19:26 2017,691417_691417_Eng-Sg3_16pg-2up same.pdf
Fri Jun 23 15:20:03 2017,691417_691417_Eng-Sg3_16pg-2up same.pdf
Fri Jun 23 15:20:27 2017,691417_691417_Fre-Sg1_32pg.pdf
Fri Jun 23 15:20:55 2017,691417_691417_Fre-Sg1_32pg.pdf
Fri Jun 23 15:21:25 2017,691417_691417_Fre-Sg2_16pg+Sg3_12pg.pdf
Fri Jun 23 15:23:04 2017,691417_691417_Fre-Sg2_16pg+Sg3_12pg.pdf
Fri Jun 23 15:18:56 2017,691738_691738_18up ea. 2 diff Cards_p1-4.pdf
Fri Jun 23 15:19:03 2017,691738_691738_18up ea. 2 diff Cards_Back_UV.pdf
Fri Jun 23 15:20:59 2017,691738_691738_18up ea. 2 diff Cards.pdf
Fri Jun 23 15:24:47 2017,691417_691417_Covers 5 english 3 french on_p1-4.pdf
Fri Jun 23 15:24:49 2017,691738_691738_18up ea. 2 diff Cards_B.pdf
Fri Jun 23 15:26:18 2017,691738_691738_18up ea. 2 diff Cards_B.pdf
Fri Jun 23 15:26:15 2017,691417_691417_Eng-Sg2_32pg.pdf
Fri Jun 23 15:28:26 2017,691417_691417_Eng-Sg3_16pg-2up same.pdf
Fri Jun 23 15:24:35 2017,691738_691738_18up ea. 2 diff Cards_Back_UV.pdf
Fri Jun 23 15:30:18 2017,691417_691417_Fre-Sg1_32pg.pdf
Fri Jun 23 15:30:44 2017,691417_691417_Fre-Sg2_16pg+Sg3_12pg.pdf
Fri Jun 23 15:35:57 2017,691417_691417_Eng-Sg1_32pg_p1-16.pdf
Fri Jun 23 15:39:49 2017,691417_691417_Eng-Sg2_32pg_p1-16.pdf
Fri Jun 23 15:41:36 2017,691417_691417_Eng-Sg3_16pg-2up same_p1-8.pdf
Fri Jun 23 15:44:35 2017,691417_691417_Fre-Sg1_32pg_p1-16.pdf
Fri Jun 23 15:47:22 2017,691417_691417_Fre-Sg2_16pg+Sg3_12pg_p1-14.pdf
Fri Jun 23 15:47:38 2017,691365_691365_Banff  Map.pdf
Fri Jun 23 15:47:30 2017,691365_691365_Jasper Map.pdf
Fri Jun 23 15:47:43 2017,691755_691755_1up cover.pdf
Fri Jun 23 15:47:47 2017,691755_691755_Sigs 1+2+3+4 4pg each.pdf
Fri Jun 23 15:47:53 2017,691755_691755_Sig 5+6 4pg each.pdf
Fri Jun 23 16:29:12 2017,691440_691440_Sg1-16pg.pdf
Fri Jun 23 16:29:28 2017,691440_691440_Sg2-8pg.pdf
Fri Jun 23 16:49:01 2017,687559_687559_Sig-1_p1-16.pdf
Fri Jun 23 16:47:10 2017,687559_687559_Sig-1.pdf
Fri Jun 23 16:47:19 2017,687559_687559_Sig-2.pdf
Fri Jun 23 16:50:37 2017,687559_687559_Sig-2_p1-16.pdf
Fri Jun 23 16:54:08 2017,691763_691763_FB 001_F.pdf
Fri Jun 23 17:36:35 2017,691759_691759_1up envelope_F.pdf
Fri Jun 23 17:36:41 2017,691759_691759_4up same_F.pdf
Fri Jun 23 17:37:16 2017,691759_691759_1up envelope_Single-sided_p1.pdf
Fri Jun 23 17:37:10 2017,691759_691759_4up same_Single-sided_p1.pdf
Fri Jun 23 17:43:00 2017,686603_686603_Sig-1.pdf
Fri Jun 23 17:43:10 2017,686603_686603_Sig-2.pdf
Fri Jun 23 17:50:46 2017,686603_686603_Sig-1_p1-8.pdf
Fri Jun 23 17:52:30 2017,686603_686603_Sig-2_p1-8.pdf
Fri Jun 23 17:52:53 2017,691759_691759_1up envelope_F.pdf
Fri Jun 23 17:52:59 2017,691759_691759_4up same_F.pdf
Fri Jun 23 18:08:01 2017,687655_687655_Sig-2-50lb.pdf
Fri Jun 23 18:08:17 2017,687655_687655_Sig-3-50lb.pdf
Fri Jun 23 18:08:35 2017,687655_687655_Sig-4-50lb.pdf
Fri Jun 23 18:07:48 2017,687655_687655_Sig-1-80lb.pdf
Fri Jun 23 18:08:50 2017,687655_687655_Sig-5-50lb.pdf
Fri Jun 23 18:14:49 2017,687655_687655_Sig-3-50lb_p1-8.pdf
Fri Jun 23 18:11:12 2017,687655_687655_Sig-1-80lb_p1-8.pdf
Fri Jun 23 18:13:27 2017,687655_687655_Sig-2-50lb_p1-8.pdf
Fri Jun 23 18:19:59 2017,687655_687655_Sig-5-50lb_p1-8.pdf
Fri Jun 23 18:15:50 2017,687655_687655_Sig-3-50lb_p1-8.pdf
Fri Jun 23 18:18:34 2017,687655_687655_Sig-4-50lb_p1-8.pdf
Fri Jun 23 18:21:01 2017,687655_687655_Sig-5-50lb_p1-8.pdf
Fri Jun 23 18:22:47 2017,686603_686603_Sig-2_p1-8.pdf
Fri Jun 23 19:30:52 2017,691630_691630_2up same Box_F.pdf
Fri Jun 23 19:40:25 2017,691630_691630_2up same Box_F.pdf
Fri Jun 23 19:37:44 2017,691630_691630_2up same Box_F.pdf
Fri Jun 23 19:38:19 2017,688342_688342_Sig1 8pg.pdf
Fri Jun 23 19:38:31 2017,688342_688342_Sig2 16pg.pdf
Fri Jun 23 19:38:44 2017,688342_688342_Sig3 16pg.pdf
Fri Jun 23 19:38:55 2017,688342_688342_Sig4 16pg.pdf
Fri Jun 23 19:39:15 2017,688342_688342_Sig5 16pg.pdf
Fri Jun 23 19:39:27 2017,688342_688342_Sig6 16pg.pdf
Fri Jun 23 19:45:16 2017,688342_688342_Sig2 16pg_p1-8.pdf
Fri Jun 23 19:43:25 2017,688342_688342_Sig1 8pg_p1-4.pdf
Fri Jun 23 19:40:34 2017,691630_691630_2up same Box_F.pdf
Fri Jun 23 19:40:54 2017,691630_691630_2up same Box_F.pdf
Fri Jun 23 19:41:08 2017,691630_691630_2up same Box_Single-sided.pdf
Fri Jun 23 19:44:14 2017,"691630_691630_2up same Box_Single-sided_Dieline,Gloss UV,ProofColor.pdf"
Fri Jun 23 19:47:10 2017,688342_688342_Sig3 16pg_p1-8.pdf
Fri Jun 23 19:48:49 2017,688342_688342_Sig4 16pg_p1-8.pdf
Fri Jun 23 19:50:12 2017,688342_688342_Sig5 16pg_p1-8.pdf
Fri Jun 23 19:51:51 2017,688342_688342_Sig6 16pg_p1-8.pdf
Fri Jun 23 19:51:53 2017,691766_691766_FB 001_F.pdf
Fri Jun 23 19:52:09 2017,691630_691630_2up same Box_F.pdf
Fri Jun 23 19:51:59 2017,691766_691766_FB 001_Single-sided_p1.pdf
Fri Jun 23 19:59:22 2017,691630_691630_2up same Box_F.pdf
Fri Jun 23 19:59:37 2017,691630_691630_2up same Box_F.pdf
Fri Jun 23 20:01:00 2017,691630_691630_2up same Box_F.pdf
Fri Jun 23 20:04:26 2017,691630_691630_2up same Box_Single-sided_ProofColor.pdf
Fri Jun 23 20:21:13 2017,690562_690562_Fm1-12up of 7 diff (SPLIT RUN).pdf
Fri Jun 23 20:21:24 2017,690562_690562_Fm2-12up of 10 diff (SPLIT RUN).pdf
Fri Jun 23 20:21:38 2017,690562_690562_Fm3-13up of 10 diff (SPLIT RUN).pdf
Fri Jun 23 20:21:53 2017,690562_690562_Fm4-4up same Bro..pdf
Fri Jun 23 20:23:11 2017,"691630_691630_2up same Box_Single-sided_K,Dieline,PAN871C,PAN877C,PANCoolGray6C,ProofColor.pdf"
Fri Jun 23 20:24:11 2017,"691630_691630_2up same Box_Single-sided_K,Dieline,PAN871C,PAN877C,PANCoolGray6C,ProofColor.pdf"
Fri Jun 23 20:25:13 2017,"691630_691630_2up same Box_Single-sided_Dieline,Gloss UV,ProofColor.pdf"
Fri Jun 23 20:26:27 2017,690562_690562_Fm4-4up same Bro._p1-2.pdf
Fri Jun 23 20:26:33 2017,"691630_691630_2up same Box_Single-sided_Dieline,Emboss,ProofColor.pdf"
Fri Jun 23 20:32:47 2017,691630_691630_2up same Box_F.pdf
Fri Jun 23 20:31:35 2017,691630_691630_2up same Box_Single-sided.pdf
Fri Jun 23 20:32:45 2017,690562_690562_Fm1-12up of 7 diff (SPLIT RUN)_p1-14.pdf
Fri Jun 23 20:39:01 2017,690562_690562_Fm2-12up of 10 diff (SPLIT RUN)_p1-20.pdf
Fri Jun 23 20:47:13 2017,690562_690562_Fm3-13up of 10 diff (SPLIT RUN)_p1-20.pdf
Fri Jun 23 22:01:14 2017,690898_690898_Sig.2 16pg_p1-8.pdf
Fri Jun 23 21:59:55 2017,690898_690898_Sig.1 16pg_p1-8.pdf
Fri Jun 23 21:57:13 2017,690898_690898_Sig.1 16pg.pdf
Fri Jun 23 21:57:26 2017,690898_690898_Sig.2 16pg.pdf
Fri Jun 23 21:57:39 2017,690898_690898_Sig.3 16pg.pdf
Fri Jun 23 21:57:55 2017,690898_690898_Sig.4 16pg.pdf
Fri Jun 23 22:05:27 2017,690898_690898_Sig.4 16pg_p1-8.pdf
Fri Jun 23 22:02:03 2017,690898_690898_Sig.2 16pg_p1-8.pdf
Fri Jun 23 22:04:04 2017,690898_690898_Sig.3 16pg_p1-8.pdf
Fri Jun 23 22:06:30 2017,690898_690898_Sig.4 16pg_p1-8.pdf
Sat Jun 24 00:47:04 2017,691216_691216_Sg1-4pg_p1-2.pdf
Sat Jun 24 00:46:37 2017,691216_691216_Sg2-16pg_p1-8.pdf
Sat Jun 24 00:44:59 2017,691216_691216_Sg3-32pg_W1.pdf
Sat Jun 24 00:45:09 2017,691216_691216_Sg3-32pg_W2.pdf
Sat Jun 24 00:44:47 2017,691216_691216_Sg2-16pg.pdf
Sat Jun 24 00:44:36 2017,691216_691216_Sg1-4pg.pdf
Sat Jun 24 00:49:27 2017,691216_691216_Sig003_p1-16.pdf
Sat Jun 24 01:32:28 2017,685649_685649_Sig.1 16pg_p1-8.pdf
Sat Jun 24 01:30:24 2017,685649_685649_Cover .15625 spine_p1-4.pdf
Sat Jun 24 01:34:26 2017,685649_685649_Sig.4 16pg_p1-8.pdf
Sat Jun 24 03:42:56 2017,688479_688479_Sig.3 16pg.pdf
Sat Jun 24 03:42:41 2017,688479_688479_Sig.1 8pg.pdf
Sat Jun 24 03:42:48 2017,688479_688479_Sig.2 16pg.pdf
Sat Jun 24 03:43:57 2017,688479_688479_Sig.1 8pg_p1-4.pdf
Sat Jun 24 03:45:00 2017,688479_688479_Sig.2 16pg_p1-8.pdf
Sat Jun 24 03:46:17 2017,688479_688479_Sig.3 16pg_p1-8.pdf
Sat Jun 24 10:21:10 2017,688734_688734_Sig-1-Montreal-Montreal.pdf
Sat Jun 24 10:21:33 2017,688734_688734_Sig-1-Regina-Regina.pdf
Sat Jun 24 10:22:21 2017,688734_688734_Sig-1-Calgary-Calgary.pdf
Sat Jun 24 10:21:56 2017,688734_688734_Sig-1-Windsor-Windsor.pdf
Sat Jun 24 10:23:10 2017,688734_688734_Sig-2-Regina-Regina.pdf
Sat Jun 24 10:22:45 2017,688734_688734_Sig-2-Montreal-Montreal.pdf
Sat Jun 24 10:23:37 2017,688734_688734_Sig-2-Windsor-Windsor.pdf
Sat Jun 24 10:24:04 2017,688734_688734_Sig-2-Calgary-Calgary.pdf
Sat Jun 24 10:29:59 2017,688734_688734_Sig-1-Calgary-Calgary.pdf
Sat Jun 24 10:30:28 2017,688734_688734_Sig-2-Montreal-Montreal.pdf
Sat Jun 24 10:29:35 2017,688734_688734_Sig-1-Montreal-Montreal.pdf
Sat Jun 24 10:29:43 2017,688734_688734_Sig-1-Regina-Regina.pdf
Sat Jun 24 10:29:51 2017,688734_688734_Sig-1-Windsor-Windsor.pdf
Sat Jun 24 10:30:34 2017,688734_688734_Sig-2-Regina-Regina.pdf
Sat Jun 24 10:31:02 2017,688734_688734_Sig-2-Calgary-Calgary.pdf
Sat Jun 24 10:30:40 2017,688734_688734_Sig-2-Windsor-Windsor.pdf
Sat Jun 24 10:31:54 2017,688734_688734_Sig-1-Montreal-Montreal.pdf
Sat Jun 24 10:38:57 2017,688734_688734_Sig-1-Regina-Regina.pdf
Sat Jun 24 11:55:25 2017,691226_691226_A 96pg Text_Sig.1 16pg.pdf
Sat Jun 24 11:55:41 2017,691226_691226_A 96pg Text_Sig.3 16pg.pdf
Sat Jun 24 12:01:00 2017,691226_691226_A 96pg Text_Sig.1 16pg_p1-8.pdf
Sat Jun 24 12:01:25 2017,691226_691226_A 96pg Text_Sig.1 16pg_p1-8.pdf
Sat Jun 24 12:02:59 2017,691226_691226_A 96pg Text_Sig.3 16pg_p1-8.pdf
Sat Jun 24 12:57:01 2017,691484_691484_Oct. Issue..pdf
Sat Jun 24 12:56:48 2017,691484_691484_July issue.pdf
Sat Jun 24 12:56:55 2017,691484_691484_Sept. Issue.pdf
Sat Jun 24 12:59:18 2017,691484_691484_Oct. Issue._p1-2.pdf
Sat Jun 24 12:59:06 2017,691484_691484_Sept. Issue_p1-2.pdf
Sat Jun 24 12:58:54 2017,691484_691484_July issue_p1-2.pdf
Sat Jun 24 14:01:44 2017,691226_691226_A 96pg Text_Sig.3 16pg_p1-8.pdf
Sat Jun 24 14:00:08 2017,691226_691226_A 96pg Text_Sig.1 16pg_p1-8.pdf
Sat Jun 24 13:57:54 2017,691226_691226_A 96pg Text_Sig.2 16pg.pdf
Sat Jun 24 13:58:09 2017,691226_691226_A 96pg Text_Sig.3 16pg.pdf
Sat Jun 24 13:58:21 2017,691226_691226_A 96pg Text_Sig.4 16pg.pdf
Sat Jun 24 13:57:43 2017,691226_691226_A 96pg Text_Sig.1 16pg.pdf
Sat Jun 24 13:58:32 2017,691226_691226_A 96pg Text_Sig.5 16pg.pdf
Sat Jun 24 13:58:43 2017,691226_691226_A 96pg Text_Sig.6 16pg.pdf
Sat Jun 24 17:10:11 2017,687583_687583_Sig.1 16pg.pdf
Sat Jun 24 17:10:28 2017,687583_687583_Sig.2 16pg.pdf
Sat Jun 24 17:09:49 2017,687583_687583_Cover.pdf
Sat Jun 24 17:11:04 2017,687583_687583_Sig.4 16pg.pdf
Sat Jun 24 17:10:45 2017,687583_687583_Sig.3 16pg.pdf
Sat Jun 24 17:11:19 2017,687583_687583_Sig.5 16pg.pdf
Sat Jun 24 17:11:29 2017,687583_687583_Sig.6 16pg.pdf
Sat Jun 24 17:16:57 2017,687583_687583_Cover_p1-4.pdf
Sat Jun 24 17:22:19 2017,687583_687583_Sig.1 16pg_p1-8.pdf
Sat Jun 24 17:17:44 2017,687583_687583_Cover_p1-4.pdf
Sat Jun 24 17:20:48 2017,PUI-YIN_GoldStar-Pattern_p1_RedStar-Pattern_p1_RedStripes-Pattern_p1.pdf
Sat Jun 24 17:27:23 2017,687583_687583_Sig.3 16pg_p1-8.pdf
Sat Jun 24 17:23:15 2017,687583_687583_Sig.1 16pg_p1-8.pdf
Sat Jun 24 17:25:58 2017,687583_687583_Sig.2 16pg_p1-8.pdf
Sat Jun 24 17:28:29 2017,687583_687583_Sig.3 16pg_p1-8.pdf
Sat Jun 24 17:31:29 2017,687583_687583_Sig.4 16pg_p1-8.pdf
Sat Jun 24 17:34:12 2017,687583_687583_Sig.5 16pg_p1-8.pdf
Sat Jun 24 17:35:54 2017,687583_687583_Sig.6 16pg_p1-8.pdf
Mon Jun 26 10:55:46 2017,689886_689886_Sig.1 16pg.pdf
Mon Jun 26 10:55:57 2017,689886_689886_Sig.2 16pg.pdf
Mon Jun 26 11:00:44 2017,689886_689886_Sig.3 16pg_p1-8.pdf
Mon Jun 26 11:10:20 2017,689886_689886_Cover_p1-4.pdf
Mon Jun 26 10:58:50 2017,689886_689886_Sig.2 16pg_p1-8.pdf
Mon Jun 26 11:12:08 2017,691780_691780_Fre-Sg1_24pg001_p1-12.pdf
Mon Jun 26 11:12:29 2017,691780_691780_Fre-Sg2_8pg002_p1-4.pdf
Mon Jun 26 11:13:02 2017,691780_691780_Fre-Sg3_12pg003_p1-6.pdf
Mon Jun 26 11:02:51 2017,689886_689886_Sig.1 16pg_p1-8.pdf
Mon Jun 26 11:04:22 2017,689886_689886_Sig.4 16pg_p1-8.pdf
Mon Jun 26 11:05:39 2017,689886_689886_Sig.5 16pg_p1-8.pdf
Mon Jun 26 11:06:32 2017,689886_689886_Sig.6 4pg_p1-2.pdf
Mon Jun 26 11:07:27 2017,689886_689886_Sig.7 8pg_p1-4.pdf
Mon Jun 26 11:09:35 2017,689886_689886_Sig.8 16pg_p1-8.pdf
Mon Jun 26 11:11:05 2017,689886_689886_Cover_p1-4.pdf
Mon Jun 26 10:56:13 2017,689886_689886_Sig.3 16pg.pdf
Mon Jun 26 10:56:22 2017,689886_689886_Sig.4 16pg.pdf
Mon Jun 26 10:56:30 2017,689886_689886_Sig.5 16pg.pdf
Mon Jun 26 10:56:46 2017,689886_689886_Sig.6 4pg.pdf
Mon Jun 26 10:57:00 2017,689886_689886_Sig.7 8pg.pdf
Mon Jun 26 10:57:12 2017,689886_689886_Sig.8 16pg.pdf
Mon Jun 26 11:50:05 2017,691784_691784_FB 001_F.pdf
Mon Jun 26 11:50:12 2017,691784_690770_Press Test_F.pdf
Mon Jun 26 11:08:53 2017,691780_691780_Fre-Sg3_12pg003.pdf
Mon Jun 26 11:08:47 2017,691780_691780_Fre-Sg1_24pg001.pdf
Mon Jun 26 11:08:49 2017,691780_691780_Fre-Sg2_8pg002.pdf
Mon Jun 26 10:55:34 2017,689886_689886_Cover.pdf
Mon Jun 26 08:46:28 2017,691484_691484_July issue.pdf
Mon Jun 26 08:46:40 2017,691484_691484_Oct. Issue..pdf
Mon Jun 26 08:46:34 2017,691484_691484_Sept. Issue.pdf
Mon Jun 26 08:13:32 2017,691738_691738_18up ea. 2 diff Cards_p1-4.pdf
Mon Jun 26 08:04:05 2017,691738_691738_18up ea. 2 diff Cards_Back_UV.pdf
Mon Jun 26 08:04:37 2017,691738_691738_18up ea. 2 diff Cards_p1-4.pdf
Mon Jun 26 13:44:32 2017,691777_691777_FB 001_F.pdf
Mon Jun 26 13:44:19 2017,691777_691777_FB 001_Single-sided_p1.pdf
Mon Jun 26 13:49:46 2017,691777_691777_FB 001_F.pdf
Mon Jun 26 14:16:17 2017,691741_691741_20up MDM + 4up MDPIC.pdf
Mon Jun 26 14:17:10 2017,691741_691741_20up MDM + 4up MDPIC_p1-4.pdf
Mon Jun 26 14:23:02 2017,691226_691226_A 96pg Text_Sig.6 16pg_p1-8.pdf
Mon Jun 26 14:21:16 2017,691226_691226_A 96pg Text_Sig.6 16pg.pdf
Mon Jun 26 14:21:23 2017,691751_691751_2up same 4pg tabliod.pdf
Mon Jun 26 14:27:03 2017,691226_691226_A 96pg Text_Sig.1 16pg_p1-8.pdf
Mon Jun 26 14:25:23 2017,691226_691226_A 96pg Text_Sig.1 16pg.pdf
Mon Jun 26 14:36:01 2017,691751_691751_2up same 4pg tabliod.pdf
Mon Jun 26 15:50:13 2017,691226_691226_A 96pg Text_Cover_p1-4.pdf
Mon Jun 26 17:15:15 2017,691760_691760_Cover.pdf
Mon Jun 26 17:17:12 2017,691760_691760_Cover.pdf
Mon Jun 26 17:30:41 2017,691760_691760_Cover_p1-4.pdf
Mon Jun 26 17:36:39 2017,691782_691782_4up same.pdf
Mon Jun 26 17:56:52 2017,691785_691785_4up same.pdf
Mon Jun 26 18:59:08 2017,691761_691761_1F+1B on_Work-and-turn_p1-2.pdf
Mon Jun 26 18:57:02 2017,691761_691761_1F+1B on_Work-and-turn.pdf
Mon Jun 26 19:14:44 2017,691351_691351_Sig-1-West-Fre.pdf
Mon Jun 26 19:13:35 2017,691351_691351_Sig-1-Prairie Fre.pdf
Mon Jun 26 19:12:47 2017,691351_691351_Sig-1-Prairie Eng.pdf
Mon Jun 26 19:14:17 2017,691351_691351_Sig-2-West-Eng.pdf
Mon Jun 26 19:13:48 2017,691351_691351_Sig-1-West-Eng.pdf
Mon Jun 26 19:15:11 2017,691351_691351_Sig-2-West-Fre.pdf
Mon Jun 26 19:15:42 2017,691351_691351_Sig-1-Northern Eng.pdf
Mon Jun 26 19:16:23 2017,691351_691351_Sig-2-Northern-Eng.pdf
Mon Jun 26 19:16:37 2017,691351_691351_Sig-1-Northern Fre.pdf
Mon Jun 26 19:17:13 2017,691351_691351_Sig-2-Northern-Fre.pdf
